HG00096	0.027252437272010974	-0.00255237487448893	10473108253681171589
HG00097	-0.033484371819236455	-0.028181307927488023	10473108253681171589
HG00099	0.027830403833425773	-0.004012124511762823	10473108253681171589
HG00100	0.029840660428830774	-0.005372657038164511	10473108253681171589
HG00101	-0.03388045497954328	-0.024570146572583884	10473108253681171589
HG00102	0.030948462639838855	-0.0060606890441263425	10473108253681171589
HG00103	-0.03400559168778332	-0.02807427950776924	10473108253681171589
HG00104	0.028103595086676533	-0.01586888901376595	10473108253681171589
HG00106	0.03012463572277527	-0.00448054276212787	10473108253681171589
HG00108	0.030285652049536635	-0.0012926229724347716	10473108253681171589
HG00109	-0.03400559168778332	-0.02807427950776924	10473108253681171589
HG00110	-0.03388045497954328	-0.024570146572583884	10473108253681171589
HG00111	-0.03350581674061998	-0.02846930797992822	10473108253681171589
HG00112	0.029912562448598006	-0.006480272958675025	10473108253681171589
HG00113	-0.03403389726502861	-0.02437577170877576	10473108253681171589
HG00114	0.031343258211732325	-0.005822952278783243	10473108253681171589
HG00116	-0.03388045497954328	-0.024570146572583884	10473108253681171589
HG00117	-0.03358394673014564	-0.02920897017475258	10473108253681171589
HG00118	0.030677229380471367	-0.0075612383712371015	10473108253681171589
HG00119	0.03139596258904252	-0.005998688699415724	10473108253681171589
HG00120	-0.033973281088337054	-0.027201032944878505	10473108253681171589
HG00121	0.02900930409293439	5.372361489855004E-4	10473108253681171589
HG00122	-0.033931734798435954	-0.02626452861637245	10473108253681171589
HG00123	-0.03360232134908962	-0.031091276466044263	10473108253681171589
HG00124	0.030620841941208857	-0.004937120199314625	10473108253681171589
HG00125	0.030802366088711435	-0.004057105436050175	10473108253681171589
HG00126	-0.03322276747739384	-0.029054400820296263	10473108253681171589
HG00127	0.028659826510818557	8.069553433687287E-4	10473108253681171589
HG00128	0.030422833485998398	-0.006444644000299847	10473108253681171589
HG00129	-0.0335175231631821	-0.02836687512196881	10473108253681171589
HG00130	-0.033973281088337054	-0.027201032944878505	10473108253681171589
HG00131	-0.03405687150667608	-0.029768661551558905	10473108253681171589
HG00133	-0.033769549143271356	-0.03142384308849903	10473108253681171589
HG00134	-0.03357719792803053	-0.030812194299784518	10473108253681171589
HG00135	0.030027702168381413	-0.00461755885835471	10473108253681171589
HG00136	0.030274309173935834	-0.003772725685636126	10473108253681171589
HG00137	0.03139596258904252	-0.005998688699415724	10473108253681171589
HG00138	-0.03400559168778332	-0.02807427950776924	10473108253681171589
HG00139	-0.03360232134908962	-0.031091276466044263	10473108253681171589
HG00140	-0.03405687150667608	-0.029768661551558905	10473108253681171589
HG00141	-0.03388045497954328	-0.024570146572583884	10473108253681171589
HG00142	0.03130313648024852	-0.008629575071711667	10473108253681171589
HG00143	0.03089575826252881	-0.005884952623493867	10473108253681171589
HG00146	-0.03354979784084162	-0.029442906967971732	10473108253681171589
HG00148	-0.034098417796577164	-0.030705165880065482	10473108253681171589
HG00149	0.02926882476806031	-0.005871001096046393	10473108253681171589
HG00150	0.03121812150349243	-0.009327085213969076	10473108253681171589
HG00151	-0.03400559168778332	-0.02807427950776924	10473108253681171589
HG00152	0.028534689802578672	-0.002697177591818495	10473108253681171589
HG00154	-0.033973281088337054	-0.027201032944878505	10473108253681171589
HG00155	0.029912562448598006	-0.006480272958675025	10473108253681171589
HG00156	0.030005388557391908	-0.003849386586379225	10473108253681171589
HG00158	0.028783790389461165	5.339485196671389E-4	10473108253681171589
HG00159	-0.03400559168778332	-0.02807427950776924	10473108253681171589
HG00160	0.030303586320615052	-0.005813487824549973	10473108253681171589
HG00171	-0.03394107115623443	-0.021744885336478493	10473108253681171589
HG00173	-0.034098417796577164	-0.030705165880065482	10473108253681171589
HG00174	-0.033630953448860065	-0.03197344091511512	10473108253681171589
HG00176	-0.033538127340066386	-0.029342554542820507	10473108253681171589
HG00177	0.028958024274041767	-0.0011571458948040694	10473108253681171589
HG00178	-0.03405453736369927	-0.02514866584651335	10473108253681171589
HG00179	0.030421143972172833	-0.009119366364298925	10473108253681171589
HG00180	0.03000638400176596	-0.00802682774988052	10473108253681171589
HG00182	0.03026840144593653	-0.002795252556355911	10473108253681171589
HG00183	0.031343258211732325	-0.005822952278783243	10473108253681171589
HG00185	0.03024143110190391	-0.007198950167108864	10473108253681171589
HG00186	-0.03403389726502861	-0.02437577170877576	10473108253681171589
HG00187	0.030802366088711435	-0.004057105436050175	10473108253681171589
HG00188	0.02982090149673287	-0.002857252901067527	10473108253681171589
HG00189	0.031218121503492433	-0.009327085213969076	10473108253681171589
HG00190	0.031218121503492433	-0.009327085213969076	10473108253681171589
HG00231	0.030580273365811168	-0.004582524240404767	10473108253681171589
HG00232	0.030303586320615052	-0.005813487824549973	10473108253681171589
HG00233	-0.03400559168778332	-0.02807427950776924	10473108253681171589
HG00234	0.029504768695058928	-0.0068835132995089905	10473108253681171589
HG00235	-0.033484371819236455	-0.028181307927488023	10473108253681171589
HG00236	0.03130313648024852	-0.008629575071711667	10473108253681171589
HG00237	0.030921613254094888	-0.0046882616117988	10473108253681171589
HG00238	0.03034897659665111	-0.008254394891696914	10473108253681171589
HG00239	0.030802366088711435	-0.004057105436050175	10473108253681171589
HG00240	-0.033518730930750903	-0.028523647859363913	10473108253681171589
HG00242	-0.033973281088337054	-0.027201032944878505	10473108253681171589
HG00243	0.029954108738499165	-0.005543768630168447	10473108253681171589
HG00244	0.030948462639838855	-0.0060606890441263425	10473108253681171589
HG00245	0.019358831386481725	-0.019110229101769453	10473108253681171589
HG00246	0.02869096428066758	-0.002096937852625911	10473108253681171589
HG00247	0.03129197839283972	-0.007517334322571372	10473108253681171589
HG00249	-0.02583027541417106	0.06485114231154793	10473108253681171589
HG00250	0.031343258211732325	-0.005822952278783243	10473108253681171589
HG00251	-0.03400559168778332	-0.02807427950776924	10473108253681171589
HG00252	-0.03394107115623443	-0.021744885336478493	10473108253681171589
HG00253	-0.03361034927197583	-0.03099776149426363	10473108253681171589
HG00254	-0.03388045497954328	-0.024570146572583884	10473108253681171589
HG00255	0.03089575826252881	-0.005884952623493867	10473108253681171589
HG00256	0.03040168097396119	-0.008430131312331144	10473108253681171589
HG00257	0.03034897659665111	-0.008254394891696914	10473108253681171589
HG00258	0.029558684873315706	-0.007082692721940314	10473108253681171589
HG00259	-0.034098417796577164	-0.030705165880065482	10473108253681171589
HG00260	0.028434312807345322	8.036677140494218E-4	10473108253681171589
HG00261	-0.033477184640849554	-0.0275871435308567	10473108253681171589
HG00262	0.030546280680412864	-0.005615233429111427	10473108253681171589
HG00263	-0.033518730930750903	-0.028523647859363913	10473108253681171589
HG00264	0.030580273365811168	-0.004582524240404767	10473108253681171589
HG00265	-0.034098417796577164	-0.030705165880065482	10473108253681171589
HG00266	-0.03394107115623443	-0.021744885336478493	10473108253681171589
HG00267	0.031343258211732325	-0.005822952278783243	10473108253681171589
HG00268	0.031343258211732325	-0.005822952278783243	10473108253681171589
HG00269	0.030802366088711435	-0.004057105436050175	10473108253681171589
HG00270	0.03089575826252881	-0.005884952623493867	10473108253681171589
HG00271	0.02919409303885052	-0.010499881184640646	10473108253681171589
HG00272	-0.03400559168778332	-0.02807427950776924	10473108253681171589
HG00273	0.02740046497805018	-0.001446806039864206	10473108253681171589
HG00274	0.030244992833874676	-0.007006795728726522	10473108253681171589
HG00275	0.03040168097396119	-0.008430131312331144	10473108253681171589
HG00276	-0.03400559168778332	-0.02807427950776924	10473108253681171589
HG00277	0.030546280680412864	-0.005615233429111427	10473108253681171589
HG00278	0.028587659135296987	0.001671926815969784	10473108253681171589
HG00280	0.031343258211732325	-0.005822952278783243	10473108253681171589
HG00281	-0.033973281088337054	-0.027201032944878505	10473108253681171589
HG00282	-0.03400559168778332	-0.02807427950776924	10473108253681171589
HG00284	-0.03403389726502861	-0.02437577170877576	10473108253681171589
HG00285	0.031218121503492433	-0.009327085213969076	10473108253681171589
HG00306	-0.033636844564240403	-0.02613810387916656	10473108253681171589
HG00309	0.030219624244177876	-0.005285827824994746	10473108253681171589
HG00310	-0.033973281088337054	-0.027201032944878505	10473108253681171589
HG00311	0.031017062071519823	-0.006569501898392826	10473108253681171589
HG00312	0.03075613456881034	-0.007313742620723925	10473108253681171589
HG00313	-0.03358394673014564	-0.02920897017475258	10473108253681171589
HG00315	0.030802366088711435	-0.004057105436050175	10473108253681171589
HG00318	0.028087189853374984	-0.0027591779365298617	10473108253681171589
HG00319	-0.03388045497954328	-0.024570146572583884	10473108253681171589
HG00320	-0.033973281088337054	-0.027201032944878505	10473108253681171589
HG00321	0.029257542739381706	-0.004296360634505694	10473108253681171589
HG00323	-0.03355104153019696	-0.029396894422255546	10473108253681171589
HG00324	0.031343258211732325	-0.005822952278783243	10473108253681171589
HG00325	0.029269877188938264	-0.0038725151415538754	10473108253681171589
HG00326	0.030354866139507625	-0.004119105780761978	10473108253681171589
HG00327	-0.03389212548031855	-0.024670498997734585	10473108253681171589
HG00328	-0.03325167093737636	-0.027583855901540246	10473108253681171589
HG00329	0.03007335590388261	-0.006174924805917367	10473108253681171589
HG00330	-0.03364441243503127	-0.02791971015331287	10473108253681171589
HG00331	-0.03364441243503127	-0.02791971015331287	10473108253681171589
HG00332	-0.03370505978158339	-0.02541838504089655	10473108253681171589
HG00334	0.02856180414373074	4.752358042733458E-4	10473108253681171589
HG00335	0.03084447844363609	-0.007579334667282501	10473108253681171589
HG00336	0.02823818155318101	0.0019416460103519532	10473108253681171589
HG00337	-0.034098417796577164	-0.030705165880065482	10473108253681171589
HG00338	-0.033518730930750903	-0.028523647859363913	10473108253681171589
HG00339	0.030227374803122254	-0.003790673870986761	10473108253681171589
HG00341	-0.03400559168778332	-0.02807427950776924	10473108253681171589
HG00342	0.030677229380471363	-0.0075612383712371015	10473108253681171589
HG00343	-0.03407748043548608	-0.03021761956561096	10473108253681171589
HG00344	-0.03388045497954328	-0.024570146572583884	10473108253681171589
HG00345	0.030227374803122254	-0.003790673870986761	10473108253681171589
HG00346	-0.03400559168778332	-0.02807427950776924	10473108253681171589
HG00349	0.030452888506595523	-0.003787386241668251	10473108253681171589
HG00350	0.028001513687220023	-8.873755329693365E-4	10473108253681171589
HG00351	0.030354866139507625	-0.004119105780761978	10473108253681171589
HG00353	-0.03364441243503127	-0.02791971015331287	10473108253681171589
HG00355	-0.03354111364063777	-0.02935640498912459	10473108253681171589
HG00356	-0.03360232134908962	-0.031091276466044263	10473108253681171589
HG00357	-0.033973281088337054	-0.027201032944878505	10473108253681171589
HG00358	-0.033484371819236455	-0.028181307927488023	10473108253681171589
HG00359	-0.03294687030697183	-0.028804305658537716	10473108253681171589
HG00360	0.029949872631548535	-0.006610452363340009	10473108253681171589
HG00361	-0.03325167093737636	-0.027583855901540246	10473108253681171589
HG00362	0.030677229380471367	-0.0075612383712371015	10473108253681171589
HG00364	0.028836856277400225	-0.005943453457580201	10473108253681171589
HG00366	0.03129197839283972	-0.007517334322571372	10473108253681171589
HG00367	0.03129197839283972	-0.007517334322571372	10473108253681171589
HG00369	-0.03347718464084955	-0.0275871435308567	10473108253681171589
HG00372	-0.03360232134908962	-0.031091276466044263	10473108253681171589
HG00373	0.029880251849151808	-0.0073535195215661655	10473108253681171589
HG00375	0.030452888506595523	-0.003787386241668251	10473108253681171589
HG00376	0.030921613254094888	-0.0046882616117988	10473108253681171589
HG00377	0.03094250081072374	-0.007247615128190425	10473108253681171589
HG00378	-0.033769549143271356	-0.03142384308849903	10473108253681171589
HG00381	-0.03362380350622121	-0.027470752139260295	10473108253681171589
HG00382	0.031343258211732325	-0.005822952278783243	10473108253681171589
HG00383	0.027964449133151215	-8.357731337533741E-4	10473108253681171589
HG00384	0.031343258211732325	-0.005822952278783243	10473108253681171589
HG00403	0.02974535344040263	-0.001718767252470455	10473108253681171589
HG00404	0.029519839736929426	-0.0017220548817877238	10473108253681171589
HG00406	0.02766860148709563	0.0012601856726933967	10473108253681171589
HG00407	0.029519839736929426	-0.0017220548817877238	10473108253681171589
HG00418	-0.03351753752619952	-0.020293052555589206	10473108253681171589
HG00419	0.029519839736929426	-0.0017220548817877238	10473108253681171589
HG00421	-0.033458810021905705	-0.025704837239566975	10473108253681171589
HG00422	0.029519839736929426	-0.0017220548817877238	10473108253681171589
HG00427	-0.03388045497954328	-0.024570146572583884	10473108253681171589
HG00428	-0.03388045497954328	-0.024570146572583884	10473108253681171589
HG00436	0.030993780629616382	-0.0055532330844024445	10473108253681171589
HG00437	0.03089575826252881	-0.005884952623493867	10473108253681171589
HG00442	-0.03260944205916307	-0.016955090497398125	10473108253681171589
HG00443	-0.032607824043960794	-0.021720338836772796	10473108253681171589
HG00445	-0.0330975105837642	-0.016662494883197737	10473108253681171589
HG00446	0.029519839736929426	-0.0017220548817877238	10473108253681171589
HG00448	0.029519839736929426	-0.0017220548817877238	10473108253681171589
HG00449	-0.03388045497954328	-0.024570146572583884	10473108253681171589
HG00451	0.031117744508259174	-0.005826239908100781	10473108253681171589
HG00452	0.029519839736929426	-0.0017220548817877238	10473108253681171589
HG00457	0.029583743599754315	-0.0027146959193956447	10473108253681171589
HG00458	0.030576852385238214	-0.00406039306536801	10473108253681171589
HG00463	0.03025629089702439	-0.0036737323302897546	10473108253681171589
HG00464	0.030802366088711435	-0.004057105436050175	10473108253681171589
HG00472	0.030354866139507625	-0.004119105780761978	10473108253681171589
HG00473	0.030474113304891012	-0.004750261956512066	10473108253681171589
HG00475	-0.03388045497954328	-0.024570146572583884	10473108253681171589
HG00476	0.029519839736929426	-0.0017220548817877238	10473108253681171589
HG00478	0.029967339686133004	-0.0016600545370764818	10473108253681171589
HG00479	-0.03388045497954328	-0.024570146572583884	10473108253681171589
HG00500	-0.033458810021905705	-0.025704837239566975	10473108253681171589
HG00501	-0.03388045497954328	-0.024570146572583884	10473108253681171589
HG00512	-0.033929400655459456	-0.021644532911328593	10473108253681171589
HG00513	-0.03388045497954328	-0.024570146572583884	10473108253681171589
HG00524	-0.03388045497954328	-0.024570146572583884	10473108253681171589
HG00525	0.027619655811179505	0.004185799333948345	10473108253681171589
HG00530	-0.033458810021905705	-0.025704837239566975	10473108253681171589
HG00531	0.030354866139507625	-0.004119105780761978	10473108253681171589
HG00533	-0.03388045497954328	-0.024570146572583884	10473108253681171589
HG00534	0.029583743599754315	-0.0027146959193956447	10473108253681171589
HG00536	-0.03388045497954328	-0.024570146572583884	10473108253681171589
HG00537	0.029519839736929426	-0.0017220548817877238	10473108253681171589
HG00542	0.029519839736929426	-0.0017220548817877238	10473108253681171589
HG00543	0.029519839736929426	-0.0017220548817877238	10473108253681171589
HG00553	-0.0334129906318264	-0.025838421607633777	10473108253681171589
HG00554	0.030730052978891125	-0.00903448959977058	10473108253681171589
HG00556	0.03089575826252881	-0.005884952623493867	10473108253681171589
HG00557	0.02925375745805847	-0.0013707465521971918	10473108253681171589
HG00559	-0.03388045497954328	-0.024570146572583884	10473108253681171589
HG00560	-0.033458810021905705	-0.025704837239566975	10473108253681171589
HG00565	0.029375101212988718	-0.006375494337737957	10473108253681171589
HG00566	-0.03333925884098048	-0.024906587182625305	10473108253681171589
HG00577	0.029519839736929426	-0.0017220548817877238	10473108253681171589
HG00578	0.030824679699700958	-0.004825277708025283	10473108253681171589
HG00580	0.029519839736929426	-0.0017220548817877238	10473108253681171589
HG00581	0.030824679699700958	-0.004825277708025283	10473108253681171589
HG00583	0.029170362154813324	-0.001452335687406845	10473108253681171589
HG00584	-0.03388045497954328	-0.024570146572583884	10473108253681171589
HG00589	-0.03388045497954328	-0.024570146572583884	10473108253681171589
HG00590	-0.03388045497954328	-0.024570146572583884	10473108253681171589
HG00592	-0.03400559168778332	-0.02807427950776924	10473108253681171589
HG00593	0.03012463572277527	-0.004480542762127871	10473108253681171589
HG00595	0.03089575826252881	-0.005884952623493867	10473108253681171589
HG00596	0.028907636865271768	-0.005107219302687705	10473108253681171589
HG00607	-0.03388045497954328	-0.024570146572583884	10473108253681171589
HG00608	-0.03351753752619952	-0.020293052555589206	10473108253681171589
HG00610	-0.03351753752619952	-0.020293052555589206	10473108253681171589
HG00611	-0.032755894144594754	-0.020439259311468217	10473108253681171589
HG00613	-0.032887346194059475	-0.025915843718555855	10473108253681171589
HG00614	0.0302936584310558	-0.005853977257681153	10473108253681171589
HG00619	-0.03388045497954328	-0.024570146572583884	10473108253681171589
HG00620	0.029519839736929426	-0.0017220548817877238	10473108253681171589
HG00625	-0.03388045497954328	-0.024570146572583884	10473108253681171589
HG00626	0.02867816783685633	-0.004217921887196246	10473108253681171589
HG00628	0.029879632823152022	-0.0053079772588802135	10473108253681171589
HG00629	-0.03346670909103814	-0.025793277116463238	10473108253681171589
HG00634	0.031343258211732325	-0.005822952278783243	10473108253681171589
HG00635	0.029846833216393143	-0.002496234786800798	10473108253681171589
HG00637	0.008027866296225785	0.047961831205602656	10473108253681171589
HG00638	0.03012463572277527	-0.00448054276212787	10473108253681171589
HG00640	-0.034098417796577164	-0.030705165880065482	10473108253681171589
HG00641	-0.03400559168778332	-0.02807427950776924	10473108253681171589
HG00650	0.029519839736929426	-0.0017220548817877238	10473108253681171589
HG00651	0.02947089406101325	0.0012035587794667587	10473108253681171589
HG00653	-0.03388045497954328	-0.024570146572583884	10473108253681171589
HG00654	0.029519839736929426	-0.0017220548817877238	10473108253681171589
HG00656	0.03139596258904252	-0.005998688699415724	10473108253681171589
HG00657	-0.03388045497954328	-0.024570146572583884	10473108253681171589
HG00662	-0.03388045497954328	-0.024570146572583884	10473108253681171589
HG00663	0.030546280680412864	-0.005615233429111427	10473108253681171589
HG00671	0.029967339686133004	-0.0016600545370764818	10473108253681171589
HG00672	-0.03388045497954328	-0.024570146572583884	10473108253681171589
HG00683	0.030802366088711435	-0.004057105436050175	10473108253681171589
HG00684	0.029440298767210635	-0.0014321387021609161	10473108253681171589
HG00689	-0.0330975105837642	-0.016662494883197737	10473108253681171589
HG00690	-0.03388045497954328	-0.024570146572583884	10473108253681171589
HG00692	0.031343258211732325	-0.005822952278783243	10473108253681171589
HG00693	-0.03388045497954328	-0.024570146572583884	10473108253681171589
HG00698	-0.03388045497954328	-0.024570146572583884	10473108253681171589
HG00699	0.029967339686133004	-0.0016600545370764818	10473108253681171589
HG00701	0.03089575826252881	-0.005884952623493867	10473108253681171589
HG00702	0.030673546318518884	-0.005112856619949048	10473108253681171589
HG00704	0.030474113304891012	-0.004750261956512066	10473108253681171589
HG00705	-0.03351753752619952	-0.020293052555589206	10473108253681171589
HG00707	0.029519839736929426	-0.0017220548817877238	10473108253681171589
HG00708	0.029519839736929426	-0.0017220548817877238	10473108253681171589
HG00731	0.029427067819576814	-0.005315852795252712	10473108253681171589
HG00732	-0.03364267423443964	-0.023797185490777382	10473108253681171589
HG00734	-0.02856511951765925	0.03202756204564614	10473108253681171589
HG00736	0.031279329211944255	-0.007592213737050195	10473108253681171589
HG00737	-0.03347718464084955	-0.0275871435308567	10473108253681171589
HG00740	0.028536379316404344	-2.2455227819189936E-5	10473108253681171589
HG01047	-0.03295860612881832	-0.02858481810161503	10473108253681171589
HG01048	0.030823325931598894	-0.009564821979312809	10473108253681171589
HG01051	-0.03400559168778332	-0.02807427950776924	10473108253681171589
HG01052	0.030576852385238214	-0.00406039306536801	10473108253681171589
HG01055	-0.03366679514491812	-0.02875246728307263	10473108253681171589
HG01060	0.02812047816732475	-5.948310862220461E-4	10473108253681171589
HG01061	0.03089575826252881	-0.005884952623493867	10473108253681171589
HG01066	-0.03316925334863491	-0.02879336705374574	10473108253681171589
HG01067	-0.03388045497954328	-0.024570146572583884	10473108253681171589
HG01069	0.030209765032754396	-0.006292963336186177	10473108253681171589
HG01070	0.028708598409829256	-0.00933546102121836	10473108253681171589
HG01072	-0.03347718464084955	-0.0275871435308567	10473108253681171589
HG01073	-0.03347718464084955	-0.0275871435308567	10473108253681171589
HG01075	0.031343258211732325	-0.005822952278783243	10473108253681171589
HG01079	0.02842840945953949	-0.001801054609109548	10473108253681171589
HG01080	-0.03400559168778332	-0.02807427950776924	10473108253681171589
HG01082	0.030802932153734818	-0.008515838995790326	10473108253681171589
HG01083	-0.02583027541417106	0.06485114231154793	10473108253681171589
HG01085	0.030993780629616382	-0.0055532330844024445	10473108253681171589
HG01095	0.030505541636601432	-0.009211404328999933	10473108253681171589
HG01097	0.03139596258904252	-0.005998688699415724	10473108253681171589
HG01098	-0.03388045497954328	-0.024570146572583884	10473108253681171589
HG01101	-0.02856511951765925	0.03202756204564614	10473108253681171589
HG01102	-0.03311426718750603	-0.02331004951386495	10473108253681171589
HG01104	0.03038040492836152	-0.012715537264186188	10473108253681171589
HG01105	0.03127082588080243	-0.009502821634603118	10473108253681171589
HG01107	0.030027781922688235	-0.007392974215967863	10473108253681171589
HG01108	-0.024882036644576343	0.06516225632607457	10473108253681171589
HG01112	-0.02856511951765925	0.03202756204564614	10473108253681171589
HG01113	0.03012463572277527	-0.00448054276212787	10473108253681171589
HG01124	-0.0330975105837642	-0.016662494883197737	10473108253681171589
HG01125	0.014750825423969828	-0.016373230563727133	10473108253681171589
HG01133	0.009253360624691013	0.044080801416189266	10473108253681171589
HG01134	0.031343258211732325	-0.005822952278783243	10473108253681171589
HG01136	0.030474113304891012	-0.004750261956512066	10473108253681171589
HG01137	0.030464077177190085	-0.008216475181217183	10473108253681171589
HG01140	0.031343258211732325	-0.005822952278783243	10473108253681171589
HG01148	-0.02482894359070726	0.06589796966526583	10473108253681171589
HG01149	0.027850801380226695	-0.0038724007699739147	10473108253681171589
HG01167	0.02861088083490256	0.0037325690046251256	10473108253681171589
HG01168	-0.03351753752619952	-0.020293052555589206	10473108253681171589
HG01170	-0.032575836837758824	-0.03447998688758296	10473108253681171589
HG01171	-0.025710634222601156	0.06070421698872237	10473108253681171589
HG01173	0.03089575826252881	-0.005884952623493867	10473108253681171589
HG01174	-0.03360232134908962	-0.031091276466044263	10473108253681171589
HG01176	-0.03359998720611305	-0.026471280760999687	10473108253681171589
HG01183	0.030770621554288804	-0.009389085558679936	10473108253681171589
HG01187	-0.03355104153019696	-0.029396894422255546	10473108253681171589
HG01188	0.031343258211732325	-0.005822952278783243	10473108253681171589
HG01190	0.030526817682201186	-0.004925998377144354	10473108253681171589
HG01191	0.028895869055330557	-0.0025426082373607175	10473108253681171589
HG01197	-0.03389212548031855	-0.024670498997734585	10473108253681171589
HG01198	0.02800969101099825	-0.009282110831174273	10473108253681171589
HG01204	-0.03347718464084955	-0.0275871435308567	10473108253681171589
HG01250	-0.025656193030014974	0.06542966158547962	10473108253681171589
HG01251	0.031250432102938465	-0.00845383865107791	10473108253681171589
HG01257	0.030199196983571267	-0.0038024295323314103	10473108253681171589
HG01259	-0.03299751106220406	-0.028630676279082168	10473108253681171589
HG01271	0.03089575826252881	-0.005884952623493867	10473108253681171589
HG01272	0.030897182820946084	-0.00775507108791706	10473108253681171589
HG01274	0.024837123626631527	-0.015568169877563601	10473108253681171589
HG01275	0.03112127196600191	-0.005881664994176661	10473108253681171589
HG01277	-0.03351753752619952	-0.020293052555589206	10473108253681171589
HG01278	-0.03400559168778332	-0.02807427950776924	10473108253681171589
HG01334	-0.03379788589037718	-0.028049271413191967	10473108253681171589
HG01342	0.03062978246082762	-0.0050669382049411465	10473108253681171589
HG01344	0.030112809018094322	-0.0033142492053538993	10473108253681171589
HG01345	0.006948696824617819	0.045780448130325085	10473108253681171589
HG01350	0.031069992147109236	-0.007576047037964912	10473108253681171589
HG01351	0.02900930409293439	5.372361489855004E-4	10473108253681171589
HG01353	-0.03360232134908962	-0.031091276466044263	10473108253681171589
HG01354	0.031343258211732325	-0.005822952278783243	10473108253681171589
HG01356	0.02977517927368134	-0.006300623801464083	10473108253681171589
HG01357	-0.03400559168778332	-0.02807427950776924	10473108253681171589
HG01359	-0.033055539683212024	-0.028721834197839476	10473108253681171589
HG01360	0.031343258211732325	-0.005822952278783243	10473108253681171589
HG01365	0.015100303006085738	-0.01664294975810876	10473108253681171589
HG01366	0.031343258211732325	-0.005822952278783243	10473108253681171589
HG01374	0.03139596258904252	-0.005998688699415724	10473108253681171589
HG01375	-0.024652607618641183	0.0638954193699035	10473108253681171589
HG01377	0.03084447844363609	-0.007579334667282501	10473108253681171589
HG01378	0.031344682770149915	-0.007693070743203643	10473108253681171589
HG01383	-0.03347718464084955	-0.0275871435308567	10473108253681171589
HG01384	0.015547802955289442	-0.016580949413397713	10473108253681171589
HG01389	0.030546280680412864	-0.005615233429111427	10473108253681171589
HG01390	0.030620841941208857	-0.004937120199314625	10473108253681171589
HG01437	0.031301711921831316	-0.006759456607288819	10473108253681171589
HG01440	-0.033055539683212024	-0.028721834197839476	10473108253681171589
HG01441	0.030227374803122254	-0.003790673870986761	10473108253681171589
HG01455	0.03012463572277527	-0.00448054276212787	10473108253681171589
HG01456	-0.03405687150667608	-0.029768661551558905	10473108253681171589
HG01461	0.03139596258904252	-0.005998688699415724	10473108253681171589
HG01462	0.031343258211732325	-0.005822952278783243	10473108253681171589
HG01465	0.015238893948571117	-0.016665826177925704	10473108253681171589
HG01488	0.030771794383885966	-0.005611945799793808	10473108253681171589
HG01489	-0.030352541717445627	-0.01722505302264125	10473108253681171589
HG01491	-0.03400559168778332	-0.02807427950776924	10473108253681171589
HG01492	0.01600215137922615	-0.006692831563329073	10473108253681171589
HG01494	0.031343258211732325	-0.005822952278783243	10473108253681171589
HG01495	0.031218121503492433	-0.009327085213969076	10473108253681171589
HG01497	-0.03388045497954328	-0.024570146572583884	10473108253681171589
HG01498	0.031218121503492433	-0.009327085213969076	10473108253681171589
HG01515	-0.033538127340066386	-0.029342554542820507	10473108253681171589
HG01516	0.031343258211732325	-0.005822952278783243	10473108253681171589
HG01518	0.02936165087685403	-0.003240114723751392	10473108253681171589
HG01519	0.030931459694417286	-0.011416183692556188	10473108253681171589
HG01521	0.03049391248225249	-0.004738074129641432	10473108253681171589
HG01522	0.030005388557391908	-0.003849386586379225	10473108253681171589
HG01550	0.030948462639838855	-0.0060606890441263425	10473108253681171589
HG01551	0.031343258211732325	-0.005822952278783243	10473108253681171589
HG01617	0.02976126848259207	-0.009179421899961564	10473108253681171589
HG01618	0.02006242537377145	-0.007636326535017658	10473108253681171589
HG01619	0.031343258211732325	-0.005822952278783243	10473108253681171589
HG01620	-0.03347718464084955	-0.0275871435308567	10473108253681171589
HG01623	-0.03364267423443964	-0.023797185490777382	10473108253681171589
HG01624	-0.03351753752619952	-0.020293052555589206	10473108253681171589
HG01625	0.029605891556165533	-0.004906649770867374	10473108253681171589
HG01626	0.030546280680412864	-0.005615233429111427	10473108253681171589
NA06984	-0.03351020275212944	-0.019913419487317105	10473108253681171589
NA06986	0.029927186219965464	-0.0073355713362168225	10473108253681171589
NA06989	-0.03360232134908962	-0.031091276466044263	10473108253681171589
NA06994	-0.034119026725387164	-0.03115412389411653	10473108253681171589
NA07000	0.0305989850577229	-0.0057909698497443105	10473108253681171589
NA07037	-0.03388045497954328	-0.024570146572583884	10473108253681171589
NA07048	-0.03354979784084162	-0.029442906967971732	10473108253681171589
NA07051	0.029880251849151808	-0.0073535195215661655	10473108253681171589
NA07056	0.030234372230643996	-0.002987005016222826	10473108253681171589
NA07346	-0.03389087953884659	-0.024698602120137074	10473108253681171589
NA07347	-0.03360232134908962	-0.031091276466044263	10473108253681171589
NA07357	-0.03337751515744994	-0.02254101823029325	10473108253681171589
NA10847	0.031343258211732325	-0.005822952278783243	10473108253681171589
NA10851	0.030833890694087318	-0.007469803182065637	10473108253681171589
NA11829	0.030926899501618327	-0.004596940824566805	10473108253681171589
NA11830	-0.025705138705931052	0.06835527524673528	10473108253681171589
NA11831	-0.03347718464084955	-0.0275871435308567	10473108253681171589
NA11843	0.029262176623918182	-0.0024438691197706617	10473108253681171589
NA11892	0.031343258211732325	-0.005822952278783243	10473108253681171589
NA11893	-0.03361034927197583	-0.03099776149426363	10473108253681171589
NA11894	0.030005388557391908	-0.003849386586379225	10473108253681171589
NA11918	-0.03389087953884659	-0.024698602120137074	10473108253681171589
NA11919	0.028212326561614882	7.449549986570822E-4	10473108253681171589
NA11920	0.030526817682201186	-0.004925998377144354	10473108253681171589
NA11930	-0.033973281088337054	-0.027201032944878505	10473108253681171589
NA11931	0.029650481335523563	-0.00701390762681344	10473108253681171589
NA11932	0.030802932153734818	-0.008515838995790326	10473108253681171589
NA11933	0.0297433074443174	-0.0043830212545188174	10473108253681171589
NA11992	0.029952893436344462	-0.004643233536790463	10473108253681171589
NA11993	-0.033769549143271356	-0.03142384308849903	10473108253681171589
NA11994	-0.03295860612881832	-0.02858481810161503	10473108253681171589
NA11995	0.02804662127797738	-0.00240458197761881	10473108253681171589
NA12003	0.03089575826252881	-0.005884952623493867	10473108253681171589
NA12004	-0.03372816556916311	-0.026048438794796316	10473108253681171589
NA12006	-0.03400559168778332	-0.02807427950776924	10473108253681171589
NA12043	0.030134548694328498	-0.0064215602432816715	10473108253681171589
NA12044	0.02900930409293439	5.372361489855004E-4	10473108253681171589
NA12045	-0.03388045497954328	-0.024570146572583884	10473108253681171589
NA12046	0.02804662127797738	-0.00240458197761881	10473108253681171589
NA12058	0.030005388557391908	-0.003849386586379225	10473108253681171589
NA12144	-0.034098417796577164	-0.030705165880065482	10473108253681171589
NA12154	0.02946954473336251	-0.0036457948845308136	10473108253681171589
NA12155	0.031343258211732325	-0.005822952278783243	10473108253681171589
NA12249	0.030274309173935834	-0.003772725685636126	10473108253681171589
NA12272	0.03139596258904252	-0.005998688699415724	10473108253681171589
NA12273	0.030993780629616382	-0.0055532330844024445	10473108253681171589
NA12275	-0.03351020275212944	-0.019913419487317105	10473108253681171589
NA12282	0.03038040492836152	-0.012715537264186188	10473108253681171589
NA12283	0.03139596258904252	-0.005998688699415724	10473108253681171589
NA12286	-0.033518730930750903	-0.028523647859363913	10473108253681171589
NA12287	-0.03400559168778332	-0.02807427950776924	10473108253681171589
NA12340	0.03139596258904252	-0.005998688699415724	10473108253681171589
NA12341	0.027627582793109874	0.0013696191689826802	10473108253681171589
NA12342	-0.034098417796577164	-0.030705165880065482	10473108253681171589
NA12347	0.0285670004020247	-0.0018239310289272388	10473108253681171589
NA12348	0.027279859825239908	0.001153773886616733	10473108253681171589
NA12383	-0.034098417796577164	-0.030705165880065482	10473108253681171589
NA12399	-0.03400559168778332	-0.02807427950776924	10473108253681171589
NA12400	-0.03388045497954328	-0.024570146572583884	10473108253681171589
NA12413	-0.032881418709962716	-0.02292712881627269	10473108253681171589
NA12489	-0.034098417796577164	-0.030705165880065482	10473108253681171589
NA12546	0.02890667365206005	-0.007387281057019631	10473108253681171589
NA12716	-0.033931734798435954	-0.02626452861637245	10473108253681171589
NA12717	0.028067225454861473	-0.0014289025567693376	10473108253681171589
NA12718	-0.03400559168778332	-0.02807427950776924	10473108253681171589
NA12748	0.027770830116794876	-0.00427587875063815	10473108253681171589
NA12749	-0.03400559168778332	-0.028074279507769237	10473108253681171589
NA12750	-0.03400559168778332	-0.02807427950776924	10473108253681171589
NA12751	-0.033973281088337054	-0.027201032944878505	10473108253681171589
NA12761	0.02823818155318101	0.0019416460103519532	10473108253681171589
NA12763	0.026589857276122217	-0.006025610317505112	10473108253681171589
NA12775	-0.03379788589037718	-0.028049271413191967	10473108253681171589
NA12777	-0.0331348570013728	-0.03235955150109608	10473108253681171589
NA12778	0.029824474270416512	-0.005309864306472228	10473108253681171589
NA12812	0.031218121503492433	-0.009327085213969076	10473108253681171589
NA12814	0.030474113304891012	-0.004750261956512066	10473108253681171589
NA12815	0.03139596258904252	-0.005998688699415724	10473108253681171589
NA12827	0.02774486221389796	0.0020132300337073624	10473108253681171589
NA12829	0.029912562448598006	-0.006480272958675025	10473108253681171589
NA12830	0.030052203391845396	-0.008160412117948202	10473108253681171589
NA12842	-0.033232069121675895	-0.026434549380777456	10473108253681171589
NA12843	0.028462522427056852	-0.0018322061192176135	10473108253681171589
NA12872	0.03045513665757123	-0.008086657175592257	10473108253681171589
NA12873	0.03022008454020036	-0.006361783048721969	10473108253681171589
NA12874	-0.03347718464084955	-0.0275871435308567	10473108253681171589
NA12877	-0.0339750625267814	-0.02730953609015721	3049512673186936334
NA12878	0.03034058700660101	-0.00877298626917354	3049512673186936334
NA12879	-0.034100199235021326	-0.030813669025469632	3049512673186936334
NA12880	0.02993868279591845	-0.00504093749907242	3049512673186936334
NA12881	-0.03400559168778332	-0.028074279507769237	3049512673186936334
NA12882	-0.034100199235021326	-0.030813669025469635	3049512673186936334
NA12883	0.03081520129695689	-0.0055385725283691265	3049512673186936334
NA12884	-0.034100199235021326	-0.030813669025469632	3049512673186936334
NA12885	-0.03410019923502133	-0.0308136690254696	3049512673186936334
NA12886	-0.034100199235021326	-0.030813669025469632	3049512673186936334
NA12887	0.03018473542264342	-0.006980004685719179	3049512673186936334
NA12888	0.029923616218399094	-0.008070243196398331	3049512673186936334
NA12889	0.029696243661390846	-0.0068193004963079335	3049512673186936334
NA12889	0.03087543698398851	-0.006533298853558813	10473108253681171589
NA12890	-0.03388045497954328	-0.024570146572583884	10473108253681171589
NA12890	-0.03388045497954328	-0.024570146572583884	3049512673186936334
NA12891	-0.0340662078644746	-0.025249018271666934	3049512673186936334
NA12892	0.029877022917220296	-0.006066845075346974	3049512673186936334
NA12893	-0.03400559168778332	-0.028074279507775635	3049512673186936334
NA18486	-0.024998453239158665	0.06733936911414848	10473108253681171589
NA18487	-0.025250588548344673	0.06703266033225061	10473108253681171589
NA18489	-0.025355661123815158	0.06808555605235289	10473108253681171589
NA18498	-0.025705138705931052	0.06835527524673528	10473108253681171589
NA18499	-0.025306715447899083	0.06515994239109725	10473108253681171589
NA18501	0.007005367642133533	0.04867276894501639	10473108253681171589
NA18502	-0.024739766769607312	0.06775853211127354	10473108253681171589
NA18504	0.006117907374716235	0.05276824367665464	10473108253681171589
NA18505	-0.025479625002457797	0.0683585628760537	10473108253681171589
NA18507	-0.02856511951765925	0.03202756204564614	10473108253681171589
NA18508	-0.025656193030014974	0.06542966158547962	10473108253681171589
NA18510	-0.025705138705931052	0.06835527524673528	10473108253681171589
NA18511	-0.025705138705931052	0.06835527524673528	10473108253681171589
NA18516	-0.025349760609464103	0.06070681571704678	10473108253681171589
NA18517	-0.025223966942631883	0.06733608148483085	10473108253681171589
NA18519	-0.025705138705931052	0.06835527524673528	10473108253681171589
NA18520	0.030284244518610667	-0.0010849372575337877	10473108253681171589
NA18522	0.007231305654165258	0.05321102198141952	10473108253681171589
NA18523	-0.025306715447899083	0.06515994239109725	10473108253681171589
NA18525	0.029218312521480192	-0.0014908514175548506	10473108253681171589
NA18526	-0.03388045497954328	-0.024570146572583884	10473108253681171589
NA18527	0.029519839736929426	-0.0017220548817877238	10473108253681171589
NA18528	0.028748717197175887	-3.1764502042215423E-4	10473108253681171589
NA18530	-0.03388045497954328	-0.024570146572583884	10473108253681171589
NA18532	-0.0334129906318264	-0.025838421607633777	10473108253681171589
NA18534	0.02914958750951547	-0.006378781967055181	10473108253681171589
NA18535	0.031343258211732325	-0.005822952278783243	10473108253681171589
NA18536	-0.033458810021905705	-0.025704837239566975	10473108253681171589
NA18537	-0.03351753752619952	-0.020293052555589206	10473108253681171589
NA18538	-0.03335341406062105	-0.02479806240749896	10473108253681171589
NA18539	-0.03388045497954328	-0.024570146572583884	10473108253681171589
NA18541	0.03089575826252881	-0.005884952623493867	10473108253681171589
NA18542	0.030580379842980905	-0.004115818151444243	10473108253681171589
NA18543	-0.03289886390303456	-0.026120677321983306	10473108253681171589
NA18544	-0.03388045497954328	-0.024570146572583884	10473108253681171589
NA18545	0.030993780629616382	-0.0055532330844024445	10473108253681171589
NA18546	-0.033425904821956925	-0.025892761487068313	10473108253681171589
NA18547	0.029542764453479815	-0.0035533008682414485	10473108253681171589
NA18548	0.029519839736929426	-0.0017220548817877238	10473108253681171589
NA18549	0.030354866139507625	-0.004119105780761978	10473108253681171589
NA18550	0.02909567507515309	-0.00242210030519629	10473108253681171589
NA18552	0.029116279252037233	-0.0014464208843464686	10473108253681171589
NA18553	0.02974654424382858	-0.005565743854840512	10473108253681171589
NA18555	-0.03351753752619952	-0.020293052555589206	10473108253681171589
NA18557	-0.03347485049787299	-0.022967147825812606	10473108253681171589
NA18558	-0.033929400655459456	-0.021644532911328593	10473108253681171589
NA18559	0.029519839736929426	-0.0017220548817877238	10473108253681171589
NA18560	0.030802366088711435	-0.004057105436050175	10473108253681171589
NA18561	-0.03388045497954328	-0.024570146572583884	10473108253681171589
NA18562	0.030005388557391908	-0.003849386586379225	10473108253681171589
NA18563	-0.033458810021905705	-0.025704837239566975	10473108253681171589
NA18564	-0.03388045497954328	-0.024570146572583884	10473108253681171589
NA18565	-0.03388045497954328	-0.024570146572583884	10473108253681171589
NA18566	0.029967339686133004	-0.0016600545370764818	10473108253681171589
NA18567	0.030993780629616382	-0.0055532330844024445	10473108253681171589
NA18570	0.031343258211732325	-0.005822952278783243	10473108253681171589
NA18571	-0.03388045497954328	-0.024570146572583884	10473108253681171589
NA18572	0.0295173200327906	-0.0035567909721813807	10473108253681171589
NA18573	0.029519839736929426	-0.0017220548817877238	10473108253681171589
NA18574	0.030314297564110148	-0.0037645098218521793	10473108253681171589
NA18576	0.029519839736929426	-0.0017220548817877238	10473108253681171589
NA18577	-0.03388045497954328	-0.024570146572583884	10473108253681171589
NA18579	-0.03388045497954328	-0.024570146572583884	10473108253681171589
NA18582	0.029341792955510385	-0.0014431332550279917	10473108253681171589
NA18592	0.030526316281899574	-0.004284958049350567	10473108253681171589
NA18593	0.03089575826252881	-0.005884952623493867	10473108253681171589
NA18595	-0.03388045497954328	-0.024570146572583884	10473108253681171589
NA18596	0.029519839736929426	-0.0017220548817877238	10473108253681171589
NA18597	0.02949987533841597	-3.917795020266639E-4	10473108253681171589
NA18599	-0.03388045497954328	-0.024570146572583884	10473108253681171589
NA18602	0.031343258211732325	-0.005822952278783243	10473108253681171589
NA18603	0.029846833216393143	-0.002496234786800798	10473108253681171589
NA18605	0.029519839736929426	-0.0017220548817877238	10473108253681171589
NA18606	-0.033888354048676	-0.02465858644948155	10473108253681171589
NA18608	-0.033425904821956925	-0.025892761487068313	10473108253681171589
NA18609	0.030526316281899574	-0.004284958049350567	10473108253681171589
NA18610	-0.03351753752619952	-0.020293052555589206	10473108253681171589
NA18611	0.029583743599754315	-0.0027146959193956447	10473108253681171589
NA18612	-0.033458810021905705	-0.025704837239566975	10473108253681171589
NA18613	0.028748717197175887	-3.1764502042215423E-4	10473108253681171589
NA18614	0.030005388557391908	-0.003849386586379225	10473108253681171589
NA18615	0.030576852385238214	-0.00406039306536801	10473108253681171589
NA18616	0.02974535344040263	-0.001718767252470455	10473108253681171589
NA18617	0.030354866139507625	-0.004119105780761978	10473108253681171589
NA18618	-0.03388045497954328	-0.024570146572583884	10473108253681171589
NA18619	0.029519839736929426	-0.0017220548817877238	10473108253681171589
NA18620	-0.03388045497954328	-0.024570146572583884	10473108253681171589
NA18621	-0.03388045497954328	-0.024570146572583884	10473108253681171589
NA18622	-0.03388045497954328	-0.024570146572583884	10473108253681171589
NA18623	-0.03351753752619952	-0.020293052555589206	10473108253681171589
NA18624	0.029583743599754315	-0.0027146959193956447	10473108253681171589
NA18626	-0.03388045497954328	-0.024570146572583884	10473108253681171589
NA18627	0.028549655667995905	-0.0022076037222694923	10473108253681171589
NA18628	0.029829237419093782	-0.0017368159508077386	10473108253681171589
NA18630	0.031343258211732325	-0.005822952278783243	10473108253681171589
NA18631	0.02903177121232817	-0.0014294592675890955	10473108253681171589
NA18632	-0.03351753752619952	-0.020293052555589206	10473108253681171589
NA18633	0.031343258211732325	-0.005822952278783243	10473108253681171589
NA18634	-0.03388045497954328	-0.024570146572583884	10473108253681171589
NA18635	0.02914958750951547	-0.006378781967055181	10473108253681171589
NA18636	0.02903177121232817	-0.0014294592675890955	10473108253681171589
NA18637	0.028981315210340267	-4.119295755231711E-4	10473108253681171589
NA18638	-0.03256947009262132	-0.0263077842331954	10473108253681171589
NA18639	0.029519839736929426	-0.0017220548817877238	10473108253681171589
NA18640	-0.03388045497954328	-0.024570146572583884	10473108253681171589
NA18641	0.03089575826252881	-0.005884952623493867	10473108253681171589
NA18642	0.03089575826252881	-0.005884952623493867	10473108253681171589
NA18643	-0.03388045497954328	-0.024570146572583884	10473108253681171589
NA18645	-0.032561920765887674	-0.017880991260964107	10473108253681171589
NA18647	-0.03388045497954328	-0.024570146572583884	10473108253681171589
NA18740	0.0286126988767718	-0.005091659840547451	10473108253681171589
NA18745	-0.03388045497954328	-0.024570146572583884	10473108253681171589
NA18747	-0.033359235110996525	-0.024677174992302535	10473108253681171589
NA18748	0.029170362154813324	-0.001452335687406845	10473108253681171589
NA18749	-0.03388045497954328	-0.024570146572583884	10473108253681171589
NA18757	0.02918734423673512	-0.008896657059609205	10473108253681171589
NA18853	-0.025223966942631883	0.06733608148483085	10473108253681171589
NA18856	0.007719374178766506	0.052918426367220835	10473108253681171589
NA18858	-0.026076219972450472	0.06179910391308769	10473108253681171589
NA18861	-0.029075941296396603	0.0313016902666232	10473108253681171589
NA18867	-0.025705138705931052	0.06835527524673528	10473108253681171589
NA18868	0.028960358417018474	0.003462849810241606	10473108253681171589
NA18870	-0.025223966942631883	0.06733608148483085	10473108253681171589
NA18871	-0.026076219972450472	0.06179910391308769	10473108253681171589
NA18873	-0.025479625002457797	0.0683585628760537	10473108253681171589
NA18874	0.031077282410031187	-0.005004937860229205	10473108253681171589
NA18907	0.029534797923838188	2.109177418578315E-4	10473108253681171589
NA18908	-0.029075941296396603	0.0313016902666232	10473108253681171589
NA18909	-0.025656193030014974	0.06542966158547962	10473108253681171589
NA18910	0.030305920463591755	-0.0011934921195055873	10473108253681171589
NA18912	-0.025565398193713024	0.0625249756921119	10473108253681171589
NA18916	0.030305920463591755	-0.0011934921195055873	10473108253681171589
NA18917	-0.026076219972450472	0.06179910391308769	10473108253681171589
NA18923	-0.024670397610092463	0.06776229822284068	10473108253681171589
NA18924	0.02968955899115862	-0.0029345729671995994	10473108253681171589
NA18933	-0.02856511951765925	0.03202756204564614	10473108253681171589
NA18934	-0.02520869308081138	0.06549166193019024	10473108253681171589
NA18939	0.029213085463818594	-0.0013613637578071087	10473108253681171589
NA18940	0.029213085463818594	-0.0013613637578071087	10473108253681171589
NA18941	-0.03388045497954328	-0.024570146572583884	10473108253681171589
NA18942	-0.03388045497954328	-0.024570146572583884	10473108253681171589
NA18943	-0.03351753752619952	-0.020293052555589206	10473108253681171589
NA18944	0.027879408116068247	2.1662681542704773E-4	10473108253681171589
NA18945	-0.03351753752619952	-0.020293052555589206	10473108253681171589
NA18946	-0.03388045497954328	-0.024570146572583884	10473108253681171589
NA18947	0.03089575826252881	-0.005884952623493867	10473108253681171589
NA18948	0.029519839736929426	-0.0017220548817877238	10473108253681171589
NA18949	-0.03388045497954328	-0.024570146572583884	10473108253681171589
NA18950	-0.03388045497954328	-0.024570146572583884	10473108253681171589
NA18951	0.029341792955510385	-0.0014431332550279917	10473108253681171589
NA18952	-0.03388045497954328	-0.024570146572583884	10473108253681171589
NA18953	-0.03388045497954328	-0.024570146572583884	10473108253681171589
NA18954	-0.03309589256856217	-0.021427743222574316	10473108253681171589
NA18956	0.029213085463818594	-0.0013613637578071087	10473108253681171589
NA18957	-0.03351753752619952	-0.020293052555589206	10473108253681171589
NA18959	0.029583743599754315	-0.0027146959193956447	10473108253681171589
NA18960	0.03089575826252881	-0.005884952623493867	10473108253681171589
NA18961	0.03089575826252881	-0.005884952623493867	10473108253681171589
NA18962	0.029901252995889274	-0.004388761753529267	10473108253681171589
NA18963	0.029519839736929426	-0.0017220548817877238	10473108253681171589
NA18964	-0.03290574697631391	-0.02626558111437941	10473108253681171589
NA18965	-0.03302946900159837	-0.020585648169789278	10473108253681171589
NA18966	-0.03388045497954328	-0.024570146572583884	10473108253681171589
NA18968	-0.03388045497954328	-0.024570146572583884	10473108253681171589
NA18971	0.03089575826252881	-0.005884952623493867	10473108253681171589
NA18973	-0.03388045497954328	-0.024570146572583884	10473108253681171589
NA18974	0.029213085463818594	-0.0013613637578071087	10473108253681171589
NA18975	-0.033458810021905705	-0.025704837239566975	10473108253681171589
NA18976	-0.033458810021905705	-0.025704837239566975	10473108253681171589
NA18977	0.030314297564110148	-0.0037645098218521793	10473108253681171589
NA18978	-0.03388045497954328	-0.024570146572583884	10473108253681171589
NA18980	0.030802366088711435	-0.004057105436050175	10473108253681171589
NA18981	0.029519839736929426	-0.0017220548817877238	10473108253681171589
NA18982	-0.03287552433803381	-0.01660378216780513	10473108253681171589
NA18983	0.03007881633269583	-0.0043469583940608115	10473108253681171589
NA18984	0.030580379842980905	-0.004115818151444243	10473108253681171589
NA18985	-0.03388045497954328	-0.024570146572583884	10473108253681171589
NA18986	-0.033929400655459456	-0.021644532911328593	10473108253681171589
NA18987	0.030005388557391908	-0.003849386586379225	10473108253681171589
NA18988	0.030802366088711435	-0.004057105436050175	10473108253681171589
NA18989	-0.033425904821956925	-0.025892761487068313	10473108253681171589
NA18990	-0.03388045497954328	-0.024570146572583884	10473108253681171589
NA18992	0.029583743599754315	-0.0027146959193956447	10473108253681171589
NA18994	-0.03388045497954328	-0.024570146572583884	10473108253681171589
NA18995	-0.033359235110996525	-0.024677174992302535	10473108253681171589
NA18998	0.02837536888868765	-0.004749815808024516	10473108253681171589
NA18999	0.029213085463818594	-0.0013613637578071087	10473108253681171589
NA19000	-0.03365846873381283	-0.024511433857190384	10473108253681171589
NA19002	-0.03351753752619952	-0.020293052555589206	10473108253681171589
NA19003	0.028685028549042993	-0.0010769840073956995	10473108253681171589
NA19004	0.029583743599754315	-0.0027146959193956447	10473108253681171589
NA19005	0.030802366088711435	-0.004057105436050175	10473108253681171589
NA19007	0.029213491372340385	-0.0073714230046637436	10473108253681171589
NA19009	0.02914958750951547	-0.006378781967055181	10473108253681171589
NA19010	-0.03388045497954328	-0.024570146572583884	10473108253681171589
NA19012	-0.033295551280469245	-0.02023433984019604	10473108253681171589
NA19020	0.02816338088569893	0.0036705686599120975	10473108253681171589
NA19028	0.0062845437800459585	0.046824394464879036	10473108253681171589
NA19035	0.007493860475293292	0.05291513873790278	10473108253681171589
NA19036	-0.024266732167117964	0.06498289444008076	10473108253681171589
NA19038	-0.02856511951765925	0.03202756204564614	10473108253681171589
NA19041	0.029046276085214824	-0.0014576914207638633	10473108253681171589
NA19044	0.008027866296225785	0.047961831205602656	10473108253681171589
NA19046	-0.025656193030014974	0.06542966158547962	10473108253681171589
NA19054	-0.03351753752619952	-0.020293052555589206	10473108253681171589
NA19055	-0.03388045497954328	-0.024570146572583884	10473108253681171589
NA19056	0.0303558959153603	-0.005551724824247927	10473108253681171589
NA19057	0.031343258211732325	-0.005822952278783243	10473108253681171589
NA19058	0.030802366088711435	-0.004057105436050175	10473108253681171589
NA19059	-0.0330975105837642	-0.016662494883197737	10473108253681171589
NA19060	-0.03388045497954328	-0.024570146572583884	10473108253681171589
NA19062	0.029116279252037233	-0.0014464208843464686	10473108253681171589
NA19063	0.02951983973692943	-0.0017220548817877233	10473108253681171589
NA19064	0.030397240560631828	-0.008760522863690114	10473108253681171589
NA19065	-0.03388045497954328	-0.024570146572583884	10473108253681171589
NA19066	-0.03365846873381283	-0.024511433857190384	10473108253681171589
NA19067	-0.03388045497954328	-0.024570146572583884	10473108253681171589
NA19068	-0.03388045497954328	-0.024570146572583884	10473108253681171589
NA19070	-0.03388045497954328	-0.024570146572583884	10473108253681171589
NA19072	0.03089575826252881	-0.005884952623493867	10473108253681171589
NA19074	-0.03388045497954328	-0.024570146572583884	10473108253681171589
NA19075	-0.03290574697631391	-0.02626558111437941	10473108253681171589
NA19076	-0.0334129906318264	-0.025838421607633777	10473108253681171589
NA19077	-0.0320257863924041	-0.022809887236874767	10473108253681171589
NA19078	0.029741825982659675	-0.001663342166395765	10473108253681171589
NA19079	0.029636396729760366	-0.008138714006726987	10473108253681171589
NA19080	0.029341792955510385	-0.0014431332550279917	10473108253681171589
NA19081	0.02939587585828672	-0.0014490480580884564	10473108253681171589
NA19082	-0.03388045497954328	-0.024570146572583884	10473108253681171589
NA19083	0.02903177121232817	-0.0014294592675890955	10473108253681171589
NA19084	-0.03351753752619952	-0.020293052555589206	10473108253681171589
NA19085	-0.0335309773974273	-0.024839865766964942	10473108253681171589
NA19087	-0.03351753752619952	-0.020293052555589206	10473108253681171589
NA19088	-0.03351753752619952	-0.020293052555589206	10473108253681171589
NA19093	-0.029075941296396603	0.0313016902666232	10473108253681171589
NA19095	0.030354866139507625	-0.004119105780761978	10473108253681171589
NA19096	0.00936362458378103	0.05035141819718742	10473108253681171589
NA19098	0.007493860475293292	0.05291513873790278	10473108253681171589
NA19099	0.030305920463591755	-0.0011934921195055873	10473108253681171589
NA19102	-0.024713145163894418	0.0680619532638548	10473108253681171589
NA19107	-0.02517809778700867	0.06812735941181997	10473108253681171589
NA19108	-0.025145371251277474	0.06615553336450374	10473108253681171589
NA19113	-0.025145371251277474	0.06615553336450374	10473108253681171589
NA19114	-0.025430679326541746	0.06543294921479698	10473108253681171589
NA19116	-0.025145371251277474	0.06615553336450374	10473108253681171589
NA19117	-0.024755122972052387	0.06439696560148289	10473108253681171589
NA19118	0.02752082419232001	0.003102690761111567	10473108253681171589
NA19119	-0.021836975500042485	0.06144698944862097	10473108253681171589
NA19121	-0.025705138705931052	0.06835527524673528	10473108253681171589
NA19129	-0.025705138705931052	0.06835527524673528	10473108253681171589
NA19130	-0.025705138705931052	0.06835527524673528	10473108253681171589
NA19131	-0.025705138705931052	0.06835527524673528	10473108253681171589
NA19137	-0.022480251662368698	0.04713195922850466	10473108253681171589
NA19138	-0.025705138705931052	0.06835527524673528	10473108253681171589
NA19146	-0.025339884490239814	0.06252826332143045	10473108253681171589
NA19147	0.030091239550282922	-0.0027389882544208437	10473108253681171589
NA19149	-0.02814509257522378	0.03565811971803783	10473108253681171589
NA19150	-0.024287102806682906	0.06782760125264621	10473108253681171589
NA19152	0.029933221181870154	-0.002984415113777676	10473108253681171589
NA19160	-0.025145371251277474	0.06615553336450374	10473108253681171589
NA19171	0.007122779208773858	0.0463589674042556	10473108253681171589
NA19172	0.008114269979055701	0.04977851859765834	10473108253681171589
NA19175	-0.025194316927193636	0.06908114702575835	10473108253681171589
NA19185	-0.024624151382730827	0.06604850494478401	10473108253681171589
NA19189	-0.025705138705931052	0.06835527524673528	10473108253681171589
NA19190	-0.025194316927193636	0.06908114702575835	10473108253681171589
NA19197	0.031028336734115345	-0.002079324198972722	10473108253681171589
NA19198	0.029340081409042804	-0.002664853772816517	10473108253681171589
NA19200	-0.02512424690599094	0.06071010334636482	10473108253681171589
NA19204	0.02904672939923712	5.035133560591793E-4	10473108253681171589
NA19207	0.03075342041279534	-0.0011314917747957233	10473108253681171589
NA19209	-0.025250588548344673	0.06703266033225061	10473108253681171589
NA19213	0.02904672939923712	5.035133560591793E-4	10473108253681171589
NA19222	-0.025705138705931052	0.06835527524673528	10473108253681171589
NA19223	-0.025194316927193636	0.06908114702575835	10473108253681171589
NA19225	-0.02517809778700867	0.06812735941181997	10473108253681171589
NA19235	-0.025349760609464103	0.06070681571704678	10473108253681171589
NA19236	-0.025705138705931052	0.06835527524673528	10473108253681171589
NA19247	-0.02520869308081138	0.06549166193019024	10473108253681171589
NA19248	-0.025194316927193636	0.06908114702575835	10473108253681171589
NA19256	-0.025705138705931052	0.06835527524673528	10473108253681171589
NA19257	0.007493860475293292	0.05291513873790278	10473108253681171589
NA19307	0.007316297138486792	0.05287333537843595	10473108253681171589
NA19308	0.031077282410031187	-0.005004937860229205	10473108253681171589
NA19309	0.008754789383996448	0.04662222922469977	10473108253681171589
NA19310	-0.025168124505413753	0.06513706597128088	10473108253681171589
NA19311	0.02798276630520145	-0.0016506881526469697	10473108253681171589
NA19312	-0.02515610345214345	0.06814364794564505	10473108253681171589
NA19313	-0.02513367487808481	0.06814426876774617	10473108253681171589
NA19315	-0.02513367487808481	0.06814426876774617	10473108253681171589
NA19316	-0.0247320100363134	0.06603498576149106	10473108253681171589
NA19317	-0.025166641396338157	0.06711125997239939	10473108253681171589
NA19318	-0.025169294881901852	0.06815168354488516	10473108253681171589
NA19319	-0.025201642872428744	0.06410704667099439	10473108253681171589
NA19321	-0.024874489360516037	0.06706636229044825	10473108253681171589
NA19324	0.008333144426358947	0.04775691989168363	10473108253681171589
NA19327	0.031077282410031187	-0.005004937860229205	10473108253681171589
NA19328	0.008249852541956213	0.04802054392099669	10473108253681171589
NA19331	-0.02521707018132975	0.06806267963253666	10473108253681171589
NA19332	-0.023853274986974135	0.06427060364143695	10473108253681171589
NA19334	-0.025656193030014974	0.06542966158547962	10473108253681171589
NA19338	-0.025306715447899083	0.06515994239109725	10473108253681171589
NA19346	-0.02612516564836658	0.06472471757434246	10473108253681171589
NA19347	-0.025355661123815158	0.06808555605235289	10473108253681171589
NA19350	-0.025726742390334543	0.061529384718706635	10473108253681171589
NA19351	-0.025434206784284676	0.06548837430087177	10473108253681171589
NA19352	-0.024785495579352387	0.06505291397137812	10473108253681171589
NA19355	0.030354866139507625	-0.004119105780761978	10473108253681171589
NA19359	-0.025656193030014974	0.06542966158547962	10473108253681171589
NA19360	-0.02856511951765925	0.03202756204564614	10473108253681171589
NA19371	-0.024886868335698968	0.06533744792088625	10473108253681171589
NA19372	-0.025705138705931052	0.06835527524673528	10473108253681171589
NA19373	0.008284198750442819	0.05068253355293896	10473108253681171589
NA19374	0.00821777518347916	0.049840438500153954	10473108253681171589
NA19375	-0.024912986915737907	0.06538134588115263	10473108253681171589
NA19376	0.030802366088711435	-0.004057105436050175	10473108253681171589
NA19377	-0.025183918837384345	0.06824824682701643	10473108253681171589
NA19379	0.031077282410031187	-0.005004937860229205	10473108253681171589
NA19380	-0.025705138705931052	0.06835527524673528	10473108253681171589
NA19381	-0.025705138705931052	0.06835527524673528	10473108253681171589
NA19382	-0.025705138705931052	0.06835527524673528	10473108253681171589
NA19383	0.007719374178766506	0.052918426367220835	10473108253681171589
NA19384	-0.02856511951765925	0.03202756204564614	10473108253681171589
NA19385	-0.025656193030014974	0.06542966158547962	10473108253681171589
NA19390	-0.02491985754780427	0.06615882099382155	10473108253681171589
NA19391	-0.025110213831400666	0.06047713808834392	10473108253681171589
NA19393	0.00811779743679847	0.04972309351158409	10473108253681171589
NA19394	-0.025355661123815158	0.06808555605235289	10473108253681171589
NA19395	0.029534797923838188	2.109177418578315E-4	10473108253681171589
NA19396	-0.025654575014812997	0.060664413246104006	10473108253681171589
NA19397	-0.02471332820383073	0.06418794249877689	10473108253681171589
NA19398	-0.025705138705931052	0.06835527524673528	10473108253681171589
NA19399	0.00871422080859884	0.046976825183609794	10473108253681171589
NA19401	-0.02856511951765925	0.03202756204564614	10473108253681171589
NA19403	-0.02457390742343128	0.06594452688551461	10473108253681171589
NA19404	0.007073833532857793	0.04928458106551116	10473108253681171589
NA19428	0.007073833532857793	0.04928458106551116	10473108253681171589
NA19429	0.030111203948796166	-0.00406926363418286	10473108253681171589
NA19430	0.006085073030149219	0.04705894465986387	10473108253681171589
NA19431	0.027988288540037	0.001834415726061143	10473108253681171589
NA19434	-0.025705138705931052	0.06835527524673528	10473108253681171589
NA19435	0.007073833532857793	0.04928458106551116	10473108253681171589
NA19436	-0.025430679326541746	0.06543294921479698	10473108253681171589
NA19437	-0.026473669783334004	0.05613709514477739	10473108253681171589
NA19438	-0.02469018688896516	0.06410769576073558	10473108253681171589
NA19439	0.029016219411806838	0.0012085923126174322	10473108253681171589
NA19440	-0.024996613547280916	0.06129077403843891	10473108253681171589
NA19443	-0.025475753074185727	0.06455186997236637	10473108253681171589
NA19444	0.030354866139507625	-0.004119105780761978	10473108253681171589
NA19445	0.030354866139507625	-0.004119105780761978	10473108253681171589
NA19446	-0.025084729202168737	0.06521865510649061	10473108253681171589
NA19448	-0.023716283523389625	0.06546310963038506	10473108253681171589
NA19449	-0.025656193030014974	0.06542966158547962	10473108253681171589
NA19451	0.029040847786226526	-0.002499112637704314	10473108253681171589
NA19452	-0.028110569360072956	0.03070494713116133	10473108253681171589
NA19453	0.030354866139507625	-0.004119105780761978	10473108253681171589
NA19455	-0.024946138259683323	0.0651957786866742	10473108253681171589
NA19456	-0.02448076082835478	0.06728776578050479	10473108253681171589
NA19457	-0.02856511951765925	0.03202756204564614	10473108253681171589
NA19461	0.008310802405126218	0.05137714450847043	10473108253681171589
NA19462	-0.025134973161468285	0.0653226331657603	10473108253681171589
NA19463	-0.03351753752619952	-0.020293052555589206	10473108253681171589
NA19466	-0.024779997914791192	0.06297235600400956	10473108253681171589
NA19467	0.007719374178766506	0.052918426367220835	10473108253681171589
NA19468	0.028818861540496055	-0.002557825353097115	10473108253681171589
NA19469	0.007652628181361182	0.04810190001203814	10473108253681171589
NA19470	-0.024976129168955516	0.06411033430031152	10473108253681171589
NA19471	-0.02856511951765925	0.03202756204564614	10473108253681171589
NA19472	0.006993168497185972	0.05039690671805736	10473108253681171589
NA19473	0.031343258211732325	-0.005822952278783243	10473108253681171589
NA19474	-0.02802867961189617	0.030706743661540272	10473108253681171589
NA19625	0.031068798832343106	-0.002900626246845411	10473108253681171589
NA19648	0.030039947307813838	-0.007275410957411664	10473108253681171589
NA19651	-0.03400559168778332	-0.028074279507769237	10473108253681171589
NA19652	0.01378500527322481	-0.014968471685327658	10473108253681171589
NA19654	0.017619408669294352	0.005503111586667539	10473108253681171589
NA19655	0.031218121503492433	-0.009327085213969076	10473108253681171589
NA19657	0.02941424639133065	-0.005210540830924606	10473108253681171589
NA19660	0.02767331885123013	0.002060127669705896	10473108253681171589
NA19661	-0.03288594971290397	-0.02606633744254918	10473108253681171589
NA19663	0.014206650230862422	-0.016103162352311396	10473108253681171589
NA19664	0.03089575826252881	-0.005884952623493867	10473108253681171589
NA19672	0.02549622497764634	-0.013325889822071122	10473108253681171589
NA19675	-0.034098417796577164	-0.030705165880065485	10473108253681171589
NA19676	0.015547802955289442	-0.016580949413397713	10473108253681171589
NA19678	0.030094487535937877	-0.008789960760181667	10473108253681171589
NA19679	-0.03348521256373584	-0.027493628559076815	10473108253681171589
NA19681	-0.029955882622904006	-0.018234450790729124	10473108253681171589
NA19682	0.031117744508259174	-0.005826239908100781	10473108253681171589
NA19684	-0.03358394673014564	-0.02920897017475258	10473108253681171589
NA19685	0.02767331885123013	0.002060127669705896	10473108253681171589
NA19700	-0.025194316927193636	0.06908114702575835	10473108253681171589
NA19701	0.021371537426773037	0.01353632282097886	10473108253681171589
NA19703	-0.025252922691321414	0.06241266462720486	10473108253681171589
NA19704	-0.02856511951765925	0.03202756204564614	10473108253681171589
NA19707	0.007298174406733715	0.045510728935942275	10473108253681171589
NA19711	-0.03364267423443964	-0.023797185490777382	10473108253681171589
NA19712	-0.025306715447899083	0.06515994239109725	10473108253681171589
NA19713	-0.02583027541417106	0.06485114231154791	10473108253681171589
NA19716	0.02843784026508823	7.482426279750081E-4	10473108253681171589
NA19717	-0.03388045497954328	-0.024570146572583884	10473108253681171589
NA19719	-0.03388045497954328	-0.024570146572583884	10473108253681171589
NA19720	0.031343258211732325	-0.005822952278783243	10473108253681171589
NA19722	-0.03400559168778332	-0.02807427950776924	10473108253681171589
NA19723	0.030952145701791268	-0.008509070795416091	10473108253681171589
NA19725	0.014710086380158525	-0.019969401463614464	10473108253681171589
NA19726	0.015547802955289442	-0.016580949413397713	10473108253681171589
NA19728	-0.03355104153019696	-0.029396894422255546	10473108253681171589
NA19729	-0.03400559168778332	-0.02807427950776924	10473108253681171589
NA19731	0.015064835470633756	-0.014576009725063597	10473108253681171589
NA19732	0.01532228925181622	-0.016584237042715638	10473108253681171589
NA19734	0.015547802955289442	-0.016580949413397713	10473108253681171589
NA19735	-0.03358556474534785	-0.024443721835378563	10473108253681171589
NA19737	0.031218121503492433	-0.009327085213969076	10473108253681171589
NA19738	0.03097300598431849	-0.010479679364049433	10473108253681171589
NA19740	-0.03400559168778332	-0.02807427950776924	10473108253681171589
NA19741	0.029709875752368293	-0.003388004147711761	10473108253681171589
NA19746	-0.03400559168778332	-0.02807427950776924	10473108253681171589
NA19747	-0.02689411431342904	0.054430679670625905	10473108253681171589
NA19749	-0.03400559168778332	-0.02807427950776924	10473108253681171589
NA19750	0.03047528187189174	-0.007330973871258122	10473108253681171589
NA19752	0.030354866139507625	-0.004119105780761978	10473108253681171589
NA19753	0.029530713675854522	-0.0032963346673780714	10473108253681171589
NA19755	-0.03400559168778332	-0.02807427950776924	10473108253681171589
NA19756	-0.03400559168778332	-0.02807427950776924	10473108253681171589
NA19758	0.03089575826252881	-0.005884952623493867	10473108253681171589
NA19759	0.030730052978891125	-0.00903448959977058	10473108253681171589
NA19761	0.014710086380158525	-0.019969401463614464	10473108253681171589
NA19762	0.015547802955289442	-0.016580949413397713	10473108253681171589
NA19764	0.03084447844363609	-0.007579334667282501	10473108253681171589
NA19770	0.030589213885429966	-0.00471234224603057	10473108253681171589
NA19771	-0.02811429921442783	0.039011765937678515	10473108253681171589
NA19773	-0.030443951147505335	-0.017941855176532816	10473108253681171589
NA19774	-0.03388045497954328	-0.024570146572583884	10473108253681171589
NA19776	-0.03360232134908962	-0.031091276466044263	10473108253681171589
NA19777	0.031343258211732325	-0.005822952278783243	10473108253681171589
NA19779	-0.03400559168778332	-0.02807427950776924	10473108253681171589
NA19780	-0.03351020275212944	-0.019913419487317105	10473108253681171589
NA19782	-0.03347718464084955	-0.0275871435308567	10473108253681171589
NA19783	-0.0305045673241967	-0.015116593940428613	10473108253681171589
NA19785	-0.03388045497954328	-0.024570146572583884	10473108253681171589
NA19786	0.03139596258904252	-0.005998688699415724	10473108253681171589
NA19788	0.030721675878372667	-0.006463471897425171	10473108253681171589
NA19789	0.028212326561614882	7.449549986570822E-4	10473108253681171589
NA19794	0.03089575826252881	-0.005884952623493867	10473108253681171589
NA19795	0.01532228925181622	-0.016584237042715638	10473108253681171589
NA19818	0.028783790389461165	5.339485196671389E-4	10473108253681171589
NA19819	0.007499809381450247	0.048246210956017416	10473108253681171589
NA19834	-0.028690256225899137	0.028523429110459825	10473108253681171589
NA19835	0.030846812586612697	-0.00295933896223844	10473108253681171589
NA19900	0.030571896265292737	-0.0020115065380605507	10473108253681171589
NA19901	0.008333144426358947	0.04775691989168363	10473108253681171589
NA19904	-0.02616904608124437	0.05916821754079248	10473108253681171589
NA19908	-0.02474363140112493	0.06688735678050607	10473108253681171589
NA19909	0.03087579386401533	-0.004554677243732228	10473108253681171589
NA19914	0.030305920463591755	-0.0011934921195055873	10473108253681171589
NA19916	0.030305920463591755	-0.0011934921195055873	10473108253681171589
NA19917	-0.024077375652927765	0.06757814070940601	10473108253681171589
NA19920	0.007493860475293292	0.05291513873790278	10473108253681171589
NA19921	-0.03333006772612408	-0.024892846373111253	10473108253681171589
NA19922	0.02899542956805311	3.710759374759239E-4	10473108253681171589
NA19923	-0.02481379984263617	0.06504568267426229	10473108253681171589
NA19982	0.028094339796013744	0.0017435108393236071	10473108253681171589
NA19984	-0.025479625002457797	0.0683585628760537	10473108253681171589
NA19985	-0.026201356680690537	0.05829497097790093	10473108253681171589
NA20126	-0.025656193030014974	0.06542966158547962	10473108253681171589
NA20127	-0.025483152460200546	0.0684139879621283	10473108253681171589
NA20276	-0.02920107800463662	0.027797557331435893	10473108253681171589
NA20278	-0.025656193030014974	0.06542966158547962	10473108253681171589
NA20281	0.030428293914811673	-0.0046166775884441255	10473108253681171589
NA20282	0.007122779208773858	0.0463589674042556	10473108253681171589
NA20287	0.007122779208773858	0.0463589674042556	10473108253681171589
NA20289	0.027978039027729825	-8.933349758041821E-4	10473108253681171589
NA20291	-0.025194316927193636	0.06908114702575835	10473108253681171589
NA20294	0.007073833532857793	0.04928458106551116	10473108253681171589
NA20296	-0.02574901913880884	0.06279877521318444	10473108253681171589
NA20298	-0.025705138705931052	0.06835527524673528	10473108253681171589
NA20299	-0.025705138705931052	0.06835527524673528	10473108253681171589
NA20314	-0.03400559168778332	-0.02807427950776924	10473108253681171589
NA20317	-0.025291778104578132	0.0636071270372123	10473108253681171589
NA20322	0.00978463274555365	0.04071432700781368	10473108253681171589
NA20332	-0.025705138705931052	0.06835527524673528	10473108253681171589
NA20334	0.030354866139507625	-0.004119105780761978	10473108253681171589
NA20336	0.030802366088711435	-0.004057105436050175	10473108253681171589
NA20339	-0.025181219388829938	0.06703642644381654	10473108253681171589
NA20340	-0.02457390742343128	0.06594452688551461	10473108253681171589
NA20341	0.0285050799466521	-0.0011212508107202098	10473108253681171589
NA20342	-0.025483152460200546	0.0684139879621283	10473108253681171589
NA20344	0.03028114622016462	-0.003950077016332407	10473108253681171589
NA20346	-0.025194316927193636	0.06908114702575835	10473108253681171589
NA20348	0.030354866139507625	-0.004119105780761978	10473108253681171589
NA20351	-0.025656193030014974	0.06542966158547962	10473108253681171589
NA20356	0.03021783059491887	8.700460297179394E-5	10473108253681171589
NA20357	0.030571896265292737	-0.0020115065380605507	10473108253681171589
NA20359	0.028583217961014217	1.7667028247191557E-4	10473108253681171589
NA20363	0.029576692173150804	-0.01174513437945509	10473108253681171589
NA20412	-0.02816184917896557	0.029010565087371973	10473108253681171589
NA20414	0.02940557696761451	-0.006800467602564709	10473108253681171589
NA20502	-0.033973281088337054	-0.027201032944878505	10473108253681171589
NA20503	0.028675580298549594	-0.0016617369776773994	10473108253681171589
NA20504	0.028933211714774032	-0.005637596913323979	10473108253681171589
NA20505	0.029378323361990772	-0.004130830172244438	10473108253681171589
NA20506	0.030846812586612697	-0.00295933896223844	10473108253681171589
NA20507	0.030525572566345468	-0.0057547751091568825	10473108253681171589
NA20508	-0.03322276747739384	-0.029054400820296263	10473108253681171589
NA20509	-0.034098417796577164	-0.030705165880065482	10473108253681171589
NA20510	0.03129197839283972	-0.007517334322571372	10473108253681171589
NA20512	0.030855636531044967	-0.008691575416422879	10473108253681171589
NA20513	0.031343258211732325	-0.005822952278783243	10473108253681171589
NA20515	0.0305989850577229	-0.0057909698497443105	10473108253681171589
NA20516	0.030673546318518884	-0.005112856619949048	10473108253681171589
NA20517	0.03121812150349243	-0.009327085213969076	10473108253681171589
NA20518	0.029786766696240256	-0.007152927162407269	10473108253681171589
NA20519	0.030135197602746844	-0.013829608549941195	10473108253681171589
NA20520	0.030620841941208857	-0.004937120199314625	10473108253681171589
NA20521	0.031294297717639655	-0.008868166072625479	10473108253681171589
NA20522	-0.03388045497954328	-0.024570146572583884	10473108253681171589
NA20524	0.02883967158165441	-0.0030728380335623352	10473108253681171589
NA20525	0.031343258211732325	-0.005822952278783243	10473108253681171589
NA20527	0.030495000861520134	-0.007309615472900123	10473108253681171589
NA20528	-0.03400559168778332	-0.02807427950776924	10473108253681171589
NA20529	0.031218121503492433	-0.009327085213969076	10473108253681171589
NA20530	-0.03364267423443964	-0.023797185490777382	10473108253681171589
NA20531	0.02957532049919356	-9.872981832048101E-5	10473108253681171589
NA20532	0.02900930409293439	5.372361489855004E-4	10473108253681171589
NA20533	-0.033485212563735836	-0.027493628559076815	10473108253681171589
NA20534	0.029912562448598006	-0.006480272958675025	10473108253681171589
NA20535	0.02941424639133065	-0.005210540830924606	10473108253681171589
NA20536	-0.033973281088337054	-0.027201032944878505	10473108253681171589
NA20537	-0.03365126702500567	-0.028165662804788633	10473108253681171589
NA20538	0.02907885063724305	-0.00467873393595207	10473108253681171589
NA20539	0.03130313648024852	-0.008629575071711667	10473108253681171589
NA20540	0.02976721188269082	-0.00756335832274366	10473108253681171589
NA20541	-0.03388045497954328	-0.024570146572583884	10473108253681171589
NA20542	0.030008266972376272	-0.008247235260834804	10473108253681171589
NA20543	-0.03355104153019696	-0.029396894422255546	10473108253681171589
NA20544	0.030897182820946084	-0.00775507108791706	10473108253681171589
NA20581	0.02900930409293439	5.372361489855004E-4	10473108253681171589
NA20582	-0.033610363634993576	-0.02292393892788607	10473108253681171589
NA20585	-0.03351753752619952	-0.020293052555589206	10473108253681171589
NA20586	-0.03398211985094622	-0.02743962394579192	10473108253681171589
NA20588	-0.03400559168778332	-0.02807427950776924	10473108253681171589
NA20589	0.028289574283404773	-0.0038497717418980787	10473108253681171589
NA20752	-0.03388045497954328	-0.024570146572583884	10473108253681171589
NA20753	0.027168485234624184	-0.004938183819352754	10473108253681171589
NA20754	-0.03400559168778332	-0.02807427950776924	10473108253681171589
NA20755	-0.03400559168778332	-0.02807427950776924	10473108253681171589
NA20756	-0.03347718464084955	-0.0275871435308567	10473108253681171589
NA20757	0.029709875752368293	-0.003388004147711761	10473108253681171589
NA20758	0.028958024274041767	-0.0011571458948040694	10473108253681171589
NA20759	0.03139596258904252	-0.005998688699415724	10473108253681171589
NA20760	-0.025656193030014974	0.06542966158547962	10473108253681171589
NA20761	0.030770621554288804	-0.009389085558679936	10473108253681171589
NA20765	0.029954108738499165	-0.005543768630168447	10473108253681171589
NA20766	-0.03388045497954328	-0.024570146572583884	10473108253681171589
NA20768	-0.03388045497954328	-0.024570146572583884	10473108253681171589
NA20769	0.02706450348097618	-0.0023417349412469266	10473108253681171589
NA20770	0.030422833485998398	-0.006444644000299847	10473108253681171589
NA20771	-0.03295860612881832	-0.02858481810161503	10473108253681171589
NA20772	0.030699627008364306	-0.004746974327193225	10473108253681171589
NA20773	0.03139596258904252	-0.005998688699415724	10473108253681171589
NA20774	0.031343258211732325	-0.005822952278783243	10473108253681171589
NA20775	-0.03405453736369927	-0.02514866584651335	10473108253681171589
NA20778	0.03130313648024852	-0.008629575071711667	10473108253681171589
NA20783	-0.03388045497954328	-0.024570146572583884	10473108253681171589
NA20785	0.03079409339112586	-0.008754429996702381	10473108253681171589
NA20786	0.03139596258904252	-0.005998688699415724	10473108253681171589
NA20787	-0.028672670957703036	0.028284693308347923	10473108253681171589
NA20790	-0.03347718464084955	-0.0275871435308567	10473108253681171589
NA20792	0.030229729431267928	-0.00762323871594717	10473108253681171589
NA20795	0.031117744508259174	-0.005826239908100781	10473108253681171589
NA20796	-0.033538127340066386	-0.029342554542820507	10473108253681171589
NA20797	-0.033973281088337054	-0.027201032944878505	10473108253681171589
NA20798	0.029532034666818266	-0.00671640066226487	10473108253681171589
NA20799	-0.021281868871221864	-0.031605635309661394	10473108253681171589
NA20800	-0.033973281088337054	-0.027201032944878505	10473108253681171589
NA20801	-0.025705138705931052	0.06835527524673528	10473108253681171589
NA20802	-0.03347718464084955	-0.0275871435308567	10473108253681171589
NA20803	-0.033973281088337054	-0.027201032944878505	10473108253681171589
NA20804	0.009179503735343666	0.042271050524791534	10473108253681171589
NA20805	0.031117744508259174	-0.005826239908100781	10473108253681171589
NA20806	0.030620841941208857	-0.004937120199314625	10473108253681171589
NA20807	0.026702779432183733	0.001611766345533356	10473108253681171589
NA20808	0.028732510570568585	-0.0011604335241204521	10473108253681171589
NA20809	-0.033993890017147185	-0.02764999095892934	10473108253681171589
NA20810	0.027168485234624184	-0.004938183819352754	10473108253681171589
NA20811	0.02887543676082459	-0.0076355129189104734	10473108253681171589
NA20812	0.030274309173935834	-0.003772725685636126	10473108253681171589
NA20813	0.031117744508259174	-0.005826239908100781	10473108253681171589
NA20814	0.028907747360270873	-0.006762266356018526	10473108253681171589
NA20815	0.02819236216310153	0.002075230378418952	10473108253681171589
NA20816	0.026242905184177136	-0.005715875452465342	10473108253681171589
NA20818	-0.03347718464084955	-0.0275871435308567	10473108253681171589
NA20819	0.031343258211732325	-0.005822952278783243	10473108253681171589
NA20826	0.030296285012676408	-0.009336906144398202	10473108253681171589
NA20828	-0.033993890017147185	-0.02764999095892934	10473108253681171589
NA21313	-0.03389087953884659	-0.024698602120137074	10473108253681171589
