chr17,41196408,G,A
chr17,41196841,G,T
chr17,41197274,C,A
chr17,41197958,G,T
chr17,41197959,A,T
chr17,41198183,A,C
chr17,41198187,A,C
chr17,41198196,T,C
chr17,41198221,T,G
chr17,41198227,A,C
chr17,41198232,A,C
chr17,41198265,G,T
chr17,41198621,A,G
chr17,41198770,A,C
chr17,41198774,C,A
chr17,41199913,T,C
chr17,41200109,T,C
chr17,41200537,T,C
chr17,41201702,C,T
chr17,41202635,G,A
chr17,41202688,G,A
chr17,41203325,T,A
chr17,41203591,T,C
chr17,41203672,G,T
chr17,41204377,A,G
chr17,41204390,T,C
chr17,41204797,A,C
chr17,41204838,A,T
chr17,41204840,A,T
chr17,41204842,T,A
chr17,41204856,G,A
chr17,41204863,T,A
chr17,41205772,G,A
chr17,41205941,A,G
chr17,41206056,T,C
chr17,41208207,T,C
chr17,41208208,C,T
chr17,41209578,T,C
chr17,41210034,C,A
chr17,41210035,T,A
chr17,41210036,C,A
chr17,41210063,T,A
chr17,41210396,A,C
chr17,41211353,T,G
chr17,41211653,A,G
chr17,41212169,C,T
chr17,41212181,G,A
chr17,41212338,A,C
chr17,41212547,C,T
chr17,41212805,C,T
chr17,41213626,G,T
chr17,41213660,T,C
chr17,41213748,T,C
chr17,41213893,C,T
chr17,41213996,C,T
chr17,41214210,A,T
chr17,41214211,A,C
chr17,41215825,C,T
chr17,41216205,G,T
chr17,41216866,G,T
chr17,41216933,T,C
chr17,41217552,A,C
chr17,41217874,C,T
chr17,41218333,G,A
chr17,41218572,T,C
chr17,41218815,A,C
chr17,41218818,A,C
chr17,41218822,T,C
chr17,41218852,G,T
chr17,41218856,C,A
chr17,41218859,G,A
chr17,41218885,A,G
chr17,41219262,A,T
chr17,41219291,G,T
chr17,41219341,G,T
chr17,41219560,C,T
chr17,41219780,T,C
chr17,41219804,T,C
chr17,41219873,A,T
chr17,41219874,G,T
chr17,41219893,A,C
chr17,41219901,T,G
chr17,41219904,A,G
chr17,41219906,G,A
chr17,41219907,T,A
chr17,41219930,T,A
chr17,41220223,A,G
chr17,41222462,A,G
chr17,41222723,T,C
chr17,41223094,T,C
chr17,41224833,G,C
chr17,41224868,A,C
chr17,41224872,A,C
chr17,41224892,G,T
chr17,41224908,A,T
chr17,41225579,C,A
chr17,41225781,A,T
chr17,41225783,A,T
chr17,41225839,T,C
chr17,41226601,G,C
chr17,41226675,A,T
chr17,41226741,T,G
chr17,41227083,C,A
chr17,41227104,A,G
chr17,41227106,G,A
chr17,41229352,C,T
chr17,41229366,G,T
chr17,41229386,T,C
chr17,41229762,T,A
chr17,41229763,T,A
chr17,41229773,T,C
chr17,41229812,A,G
chr17,41229857,G,A
chr17,41229908,T,A
chr17,41230228,G,A
chr17,41230336,A,G
chr17,41230376,A,G
chr17,41230524,T,G
chr17,41230537,A,T
chr17,41230990,A,G
chr17,41231221,A,C
chr17,41231516,C,T
chr17,41231902,G,A
chr17,41232344,G,C
chr17,41232486,T,G
chr17,41232567,A,C
chr17,41232698,C,T
chr17,41234470,A,G
chr17,41235799,G,A
chr17,41236027,A,C
chr17,41237953,G,A
chr17,41238126,T,C
chr17,41239472,G,A
chr17,41239491,T,C
chr17,41239628,A,G
chr17,41239681,G,A
chr17,41239699,G,A
chr17,41239706,G,A
chr17,41239916,T,A
chr17,41240277,T,C
chr17,41241390,C,A
chr17,41241503,T,C
chr17,41241569,T,C
chr17,41241582,G,T
chr17,41242078,G,A
chr17,41242285,T,G
chr17,41243190,T,G
chr17,41244000,T,C
chr17,41244435,T,C
chr17,41244936,G,A
chr17,41245237,A,G
chr17,41245466,G,A
chr17,41247604,A,C
chr17,41248164,C,T
chr17,41248393,C,A
chr17,41248412,G,A
chr17,41248414,G,A
chr17,41248416,G,A
chr17,41248420,G,A
chr17,41248484,G,C
chr17,41249094,A,G
chr17,41250047,C,T
chr17,41250064,G,T
chr17,41250066,A,G
chr17,41250260,C,G
chr17,41250852,G,T
chr17,41250923,T,C
chr17,41250987,A,C
chr17,41250990,A,C
chr17,41251495,C,G
chr17,41251646,T,A
chr17,41251931,G,A
chr17,41252575,G,A
chr17,41252577,A,G
chr17,41252612,T,A
chr17,41252613,T,C
chr17,41252649,T,A
chr17,41252650,T,C
chr17,41252658,T,C
chr17,41252676,T,C
chr17,41252684,T,C
chr17,41252694,T,A
chr17,41252695,A,T
chr17,41252696,A,T
chr17,41254174,A,G
chr17,41254374,C,T
chr17,41254393,G,T
chr17,41254394,A,T
chr17,41254405,C,T
chr17,41254486,T,G
chr17,41254980,A,T
chr17,41255102,A,G
chr17,41255111,A,T
chr17,41255483,C,A
chr17,41256087,G,A
chr17,41256092,A,G
chr17,41256095,A,G
chr17,41256098,G,A
chr17,41256101,A,G
chr17,41256103,G,A
chr17,41257134,T,C
chr17,41257458,A,C
chr17,41258043,C,T
chr17,41258153,G,A
chr17,41258183,C,A
chr17,41259049,C,T
chr17,41259065,T,A
chr17,41259100,G,T
chr17,41259101,A,T
chr17,41259113,G,A
chr17,41259418,G,T
chr17,41260352,C,A
chr17,41260694,A,C
chr17,41260722,T,A
chr17,41260723,C,A
chr17,41260762,T,G
chr17,41260808,A,G
chr17,41260985,G,C
chr17,41261054,T,C
chr17,41261055,A,C
chr17,41261057,C,A
chr17,41261058,T,C
chr17,41261085,G,A
chr17,41261086,T,C
chr17,41261233,C,T
chr17,41262106,T,G
chr17,41262358,C,T
chr17,41263044,A,G
chr17,41263117,C,A
chr17,41263430,G,A
chr17,41263566,T,C
chr17,41264146,G,A
chr17,41264364,A,G
chr17,41264739,C,T
chr17,41264749,C,G
chr17,41264750,A,T
chr17,41264753,C,T
chr17,41265776,A,G
chr17,41266424,G,T
chr17,41267050,G,A
chr17,41268206,A,C
chr17,41270229,T,G
chr17,41270277,C,T
chr17,41270463,G,A
chr17,41270666,C,A
chr17,41270794,G,T
chr17,41271293,G,A
chr17,41271294,A,G
chr17,41273348,T,C
chr17,41273379,G,C
chr17,41273537,A,C
chr17,41273698,C,A
chr17,41273699,T,A
chr17,41273700,C,A
chr17,41273726,G,A
chr17,41273740,C,A
chr17,41273747,C,A
chr17,41273749,G,A
chr17,41273775,C,A
chr17,41273794,T,A
chr17,41274778,G,A
chr17,41274877,C,A
chr17,41274906,G,A
chr17,41275081,G,A
chr17,41275151,G,C
chr17,41275392,G,T
chr17,41275645,A,G
chr17,41276247,A,G
chr17,41276348,T,C
chr17,41276518,T,C
chr17,41277187,G,C
