HG00096	-0.014423716851444201	0.03213555914630636
HG00097	-0.014037999997349053	0.03231363880587908
HG00099	-0.014064885183970208	0.03272664778037151
HG00100	-0.014064179578066799	0.033217962190681787
HG00101	-0.013599886720002766	0.03179196688284632
HG00102	-0.014636398107151569	0.03214659516319993
HG00103	-0.014364022304366607	0.03271242425432618
HG00104	-0.013877744196750212	0.03191306877579007
HG00106	-0.014907404764509195	0.03308311882949999
HG00108	-0.014031485370028842	0.03264051437323242
HG00109	-0.014198976976474698	0.03223331302020325
HG00110	-0.014416175120856781	0.03196354051857611
HG00111	-0.014490681010353862	0.0325739446320553
HG00112	-0.014723537511445733	0.03270433151503605
HG00113	-0.014005531216402516	0.03263874955322235
HG00114	-0.01404734003571676	0.0327568296591227
HG00116	-0.014883719524032822	0.03217304821368656
HG00117	-0.014225981398421017	0.032763322702645224
HG00118	-0.014306295409706078	0.032566839359095726
HG00119	-0.014367316872842761	0.03308458386359401
HG00120	-0.01441752049175011	0.03378340714156605
HG00121	-0.014572733263089735	0.03211407499719901
HG00122	-0.01468465264838522	0.032765179168071146
HG00123	-0.014287613240970875	0.033020271162545946
HG00124	-0.014318631458982867	0.03288496281414753
HG00125	-0.014202074174277936	0.032779927603489974
HG00126	-0.01425265178923063	0.032904965999016204
HG00127	-0.014568356933027958	0.032959120092254525
HG00128	-0.01351020211359264	0.033449375545330264
HG00129	-0.014147467260847075	0.032411620365529525
HG00130	-0.01355815615185407	0.03310740645707126
HG00131	-0.014004723076482947	0.03311299897160691
HG00133	-0.014511873725823934	0.033127692055608636
HG00134	-0.013641718509937256	0.033322007012521304
HG00135	-0.01378533876873026	0.032902320501672196
HG00136	-0.014667144514278634	0.03228570841231788
HG00137	-0.01439692765087642	0.03299395425234169
HG00138	-0.013934687361178567	0.033399047097629996
HG00139	-0.013968710017032853	0.03361171074647609
HG00140	-0.014503285047100273	0.03246621600784145
HG00141	-0.014603650968336448	0.03344190304067174
HG00142	-0.014025504247945993	0.034111712778989486
HG00143	-0.014148869515922213	0.033161729727311844
HG00146	-0.014989689545671255	0.033245790443013644
HG00148	-0.014462193840028392	0.03286539838404098
HG00149	-0.01429247104566776	0.03305791118040828
HG00150	-0.014313210491743382	0.03210481544519475
HG00151	-0.014150537570765185	0.03182256696605332
HG00152	-0.014487434859087997	0.03358013849938952
HG00154	-0.014062094851352385	0.03349177398351172
HG00155	-0.014823395217815564	0.032546310219995676
HG00156	-0.014338285426652683	0.03254209264364419
HG00158	-0.014775878983480263	0.031877660228205165
HG00159	-0.01395827601865945	0.03325828863153513
HG00160	-0.014588872411054733	0.03347329902207181
HG00171	-0.016547660373877296	0.027102461108226027
HG00173	-0.016104189446572617	0.027470355517748162
HG00174	-0.01569301633045252	0.02940294990789509
HG00176	-0.01572214820906226	0.026803788971104494
HG00177	-0.015880521556850803	0.02589448856017272
HG00178	-0.01569360509288279	0.02791525226860544
HG00179	-0.01567299017103263	0.027413132938158835
HG00180	-0.015733143429531138	0.02777972476489583
HG00182	-0.015418729791725105	0.027535497999306293
HG00183	-0.015544383324885868	0.028217257994956144
HG00185	-0.015883962939308945	0.02688901954205561
HG00186	-0.01537461566452379	0.02752521421847414
HG00187	-0.014994053051891647	0.027199607630388832
HG00188	-0.015563630213553139	0.028183570001227655
HG00189	-0.01579310340596112	0.027003415646151586
HG00190	-0.015127514472488718	0.029565073951322903
HG00231	-0.014653118279331679	0.03282495709664364
HG00232	-0.013931770943601703	0.033592375328074416
HG00233	-0.013957219297000343	0.03359220071502779
HG00234	-0.01443674323006117	0.032877924167924885
HG00235	-0.013974641417460923	0.03221030224758942
HG00236	-0.0137554398267014	0.03340719279291949
HG00237	-0.014344427460063909	0.033176095640351816
HG00238	-0.014007003831547694	0.031839844372195905
HG00239	-0.01413463565782317	0.03408170187608308
HG00240	-0.014219594087016054	0.03300951532367079
HG00242	-0.01407735702254877	0.03246788970605923
HG00243	-0.014025090282374308	0.03305550476075807
HG00244	-0.014216267823911414	0.033274685378772054
HG00245	-0.014014064327298724	0.0325696304415929
HG00246	-0.01417398475630096	0.032867308314760514
HG00247	-0.014209614863205197	0.033013254213568634
HG00249	-0.01499234035171551	0.03335988556938437
HG00250	-0.014566839488502235	0.032331548850083804
HG00251	-0.014490228166558136	0.032744365411049386
HG00252	-0.014311916578933907	0.03344187126965783
HG00253	-0.014223351996685896	0.03367712155892222
HG00254	-0.014120338331201783	0.032899886649958306
HG00255	-0.013996282783713917	0.032731334743584764
HG00256	-0.014734353180556535	0.033083991815338096
HG00257	-0.014081841140981788	0.03278601970421684
HG00258	-0.014422897725567508	0.03261545035364213
HG00259	-0.014272560868522716	0.03292628706163715
HG00260	-0.014639832174588887	0.033245075912244605
HG00261	-0.013769002503916095	0.032582800779214736
HG00262	-0.015297796836381196	0.032793497487478666
HG00263	-0.014308869046362284	0.03362277236459494
HG00264	-0.01415955653287097	0.03305799654902265
HG00265	-0.01481167005219959	0.03409358804318328
HG00266	-0.015241106456657992	0.0277976976752815
HG00267	-0.016135258421567697	0.02732209648417874
HG00268	-0.015406001611283493	0.028815976512407734
HG00269	-0.015432500545941034	0.027821298236301594
HG00270	-0.015837547368281208	0.028049814781717038
HG00271	-0.015846952085601978	0.025747034741750212
HG00272	-0.015177030581733801	0.026205163674148397
HG00273	-0.015874592943161018	0.028117064018856195
HG00274	-0.015833643411403427	0.0294553722594084
HG00275	-0.015054324859063951	0.0297355115116397
HG00276	-0.015422764326774497	0.028004932994350057
HG00277	-0.01541376065853879	0.02960266781532023
HG00278	-0.015386146732670932	0.02892011538776763
HG00280	-0.015910302286074006	0.027989721307407647
HG00281	-0.01599398565055989	0.02761120017362433
HG00282	-0.015371502713700321	0.027605970880771286
HG00284	-0.015886843567152042	0.028353958175638724
HG00285	-0.015847757783472253	0.026849507403906143
HG00306	-0.01564354925159667	0.028801581686086555
HG00309	-0.015508575295811332	0.027578223993684346
HG00310	-0.01586237830424801	0.0296946186057691
HG00311	-0.01538143143453668	0.029900205560193335
HG00312	-0.01605489814522901	0.028547614723374262
HG00313	-0.015719787305876674	0.027579009486252474
HG00315	-0.015456775042827718	0.028333076511948465
HG00318	-0.01577660063270583	0.029427892332456743
HG00319	-0.015104476922174686	0.027772533815829132
HG00320	-0.015423180876339024	0.028172729816106478
HG00321	-0.01606356685688124	0.02731800184359196
HG00323	-0.015377733822182153	0.027638440941058277
HG00324	-0.015481846464421169	0.027517193425759538
HG00325	-0.016454435138732085	0.026468129108691032
HG00326	-0.015888964614160166	0.028276556472962882
HG00327	-0.015805502865374785	0.027137210803017085
HG00328	-0.015899908986465365	0.0289505862681456
HG00329	-0.015558360191996228	0.029639989194575358
HG00330	-0.015302034187109403	0.027481485207622083
HG00331	-0.01569341921567326	0.028153804232511594
HG00332	-0.015215023534403507	0.027621678164382494
HG00334	-0.015565933313625784	0.029582086992923397
HG00335	-0.016023727400316642	0.028667922233722384
HG00336	-0.01541501523297605	0.0275227115608642
HG00337	-0.015615610552445824	0.03022682109387355
HG00338	-0.014896345835636106	0.029177653374509636
HG00339	-0.015939296182812108	0.02686124913925025
HG00341	-0.013877345280491449	0.02810725379840293
HG00342	-0.015915277278368996	0.026523337750103872
HG00343	-0.01552091507002467	0.02861245398666384
HG00344	-0.01545713341668638	0.02975449414599472
HG00345	-0.015619244078204201	0.028360563911235953
HG00346	-0.015477775272207738	0.02871102453615559
HG00349	-0.015235611393166296	0.026957379194681896
HG00350	-0.014087902536552283	0.030255267587520566
HG00351	-0.014891247983702607	0.027709244619368918
HG00353	-0.015870570618807596	0.02825740209213833
HG00355	-0.01543254368738022	0.0292330018376539
HG00356	-0.014886929843489294	0.028270528691909158
HG00357	-0.015595483714602301	0.028593551440176154
HG00358	-0.0152405264859988	0.02691970790213903
HG00359	-0.014762995363111011	0.027974902168943452
HG00360	-0.01482814352600243	0.02845637184663812
HG00361	-0.015996957762889227	0.02670974177921751
HG00362	-0.015149569746327519	0.027907435428489478
HG00364	-0.01509663964963508	0.028323619516591476
HG00366	-0.015172963366066211	0.02770940148523717
HG00367	-0.016065911278714214	0.02684680530916621
HG00369	-0.015987936024439573	0.027795363139208162
HG00372	-0.01626823155867685	0.02880378238381907
HG00373	-0.015986200786913308	0.026436337819092708
HG00375	-0.015781858992935053	0.028047462983125018
HG00376	-0.015189222127233178	0.02931525074546203
HG00377	-0.016136986723068195	0.027015726913616485
HG00378	-0.015673553728717416	0.027527053618292843
HG00381	-0.015643490177128103	0.02921298742886622
HG00382	-0.01516176650432996	0.027052381927151894
HG00383	-0.01520869887654706	0.027897610787353363
HG00384	-0.015739796935026938	0.028259623305650735
HG00403	-0.021757212684899344	-0.04486874092689544
HG00404	-0.022754107675729895	-0.045250236454267
HG00406	-0.021702625174609483	-0.04487878452043752
HG00407	-0.021933873914132002	-0.04462622262023072
HG00418	-0.022601226735245426	-0.04585777197024089
HG00419	-0.022239325755758172	-0.044910006160988364
HG00421	-0.02204413275009268	-0.045231157489886875
HG00422	-0.022611888788088536	-0.044890002301403574
HG00427	-0.02230276487389532	-0.045607867253461484
HG00428	-0.022603164454276126	-0.04427824869757657
HG00436	-0.022161873827412578	-0.04494412793188566
HG00437	-0.022261856597785522	-0.044921329957365246
HG00442	-0.02239866975473298	-0.04505635895715887
HG00443	-0.02215512858522846	-0.04471433990077885
HG00445	-0.022007846022594934	-0.04388120244313469
HG00446	-0.022420318146663145	-0.044397244522059745
HG00448	-0.02217568704452034	-0.04407642865567744
HG00449	-0.02202615271458767	-0.044994133861783726
HG00451	-0.02208059167758286	-0.044363773213208064
HG00452	-0.021857669987550177	-0.04427106535928188
HG00457	-0.022261835188538658	-0.044881355565649636
HG00458	-0.022380036376013355	-0.04435676337666592
HG00463	-0.022542146488949845	-0.04481743047734183
HG00464	-0.02260592960660548	-0.04501170273969126
HG00472	-0.022397719515427784	-0.04503673399872517
HG00473	-0.022408357114425705	-0.04526718588858783
HG00475	-0.022179609946684702	-0.044329288621578776
HG00476	-0.02262321820252405	-0.045044650277593724
HG00478	-0.022312712844872087	-0.045723248099974766
HG00479	-0.02254825561426041	-0.04375976710535522
HG00500	-0.022289849033088772	-0.044640211294240534
HG00501	-0.022404014259046815	-0.04588129491615468
HG00512	-0.02236289997104037	-0.04496240004403444
HG00513	-0.021835942347546038	-0.04524150394543661
HG00524	-0.022336505500111542	-0.045023532773249504
HG00525	-0.022024451457115856	-0.04352823968863891
HG00530	-0.02253314324855838	-0.04481208167914957
HG00531	-0.022273863900882325	-0.04443739702645635
HG00533	-0.0223514014527558	-0.044354716727135805
HG00534	-0.0222158235341235	-0.0446918258726272
HG00536	-0.02237478172014824	-0.04477917165943987
HG00537	-0.022416612632296773	-0.044899778258911366
HG00542	-0.02245572429075952	-0.04589510602558207
HG00543	-0.02227141491510493	-0.045001371607035746
HG00553	-7.000914187357709E-4	0.014720787880082303
HG00554	-0.008161500275920379	0.023263560870577665
HG00556	-0.022558218351504282	-0.04435235759698062
HG00557	-0.022141333881223378	-0.044837632009532745
HG00559	-0.022442014602528884	-0.044946734372706944
HG00560	-0.021997341254182172	-0.04541064319314374
HG00565	-0.022386047001620477	-0.04570693980589782
HG00566	-0.022380251489147934	-0.045206766750454076
HG00577	-0.022200908107066722	-0.04489307369075839
HG00578	-0.022075288793182508	-0.04613045473144338
HG00580	-0.022292425371813623	-0.04469599910214072
HG00581	-0.022145458720484124	-0.04553910554288505
HG00583	-0.022315410385533634	-0.04541474498269076
HG00584	-0.02180282898195917	-0.045438947378539096
HG00589	-0.022364617702609356	-0.04498155562843354
HG00590	-0.02216062697529534	-0.043580361719685136
HG00592	-0.022585360377347215	-0.04407377019819449
HG00593	-0.022345134985733272	-0.04579034106870115
HG00595	-0.02263475792365783	-0.04512218113948651
HG00596	-0.022499915254009285	-0.04664276884292739
HG00607	-0.022426767730995088	-0.04519470767688993
HG00608	-0.022057592669356946	-0.045037494856034095
HG00610	-0.0219574030509417	-0.0447426614510883
HG00611	-0.02243485326667649	-0.04428152753247156
HG00613	-0.02235536554527136	-0.04547923979654296
HG00614	-0.022124486838067798	-0.04502942930007297
HG00619	-0.021977571733972547	-0.04516122147371254
HG00620	-0.022931336341307753	-0.04485686427696556
HG00625	-0.021856223716684987	-0.04397024324355029
HG00626	-0.022771476177566228	-0.04588926975513595
HG00628	-0.02189579052145891	-0.04460262661018003
HG00629	-0.022336063592231725	-0.04488015227534509
HG00634	-0.022352994547048016	-0.04488831248843955
HG00635	-0.02219607331857528	-0.045032313457369536
HG00637	-0.0032913328039838098	0.01819831315765521
HG00638	-0.0014379871319359662	0.017732909053478386
HG00640	-0.009358997022004586	0.023562599637801992
HG00641	-0.008413212997206593	0.020484563206581714
HG00650	-0.022222875538661625	-0.044514430061852295
HG00651	-0.02212865313909697	-0.044635969571146634
HG00653	-0.02233941996865669	-0.044645001766533354
HG00654	-0.02193434567850235	-0.04487109397216788
HG00656	-0.021903672291024252	-0.04510607233580108
HG00657	-0.022260212618471338	-0.04465811614625873
HG00662	-0.02237374719588477	-0.044550591421303444
HG00663	-0.022724840284607088	-0.04467339380272028
HG00671	-0.022145769573590084	-0.04493452062178625
HG00672	-0.02211070927866789	-0.04454133821330792
HG00683	-0.022157387623214505	-0.04407970269619967
HG00684	-0.02180718744885341	-0.04514871474634882
HG00689	-0.022298433418633246	-0.045937533813667324
HG00690	-0.02209944991213191	-0.044445796811035936
HG00692	-0.022459950785348178	-0.043755396489325304
HG00693	-0.022352399544581483	-0.04471828826236153
HG00698	-0.02186582876148112	-0.04484607000980486
HG00699	-0.021779598988215968	-0.045367443415358845
HG00701	-0.022088314216804305	-0.04492092558955066
HG00702	-0.022288759545613466	-0.045375209146583946
HG00704	-0.02232941796139573	-0.04432613795179861
HG00705	-0.022555333384136043	-0.04482041614087651
HG00707	-0.02258816582321053	-0.04462995580628182
HG00708	-0.022561175625489472	-0.045207296663254376
HG00731	-0.011568394378584793	0.02709889333797918
HG00732	-0.009942738550432302	0.022672853685234258
HG00734	-0.00651077766210701	0.01809648939675468
HG00736	-0.0094561241683535	0.02399757039429012
HG00737	-0.00777129620023271	0.02424126277173923
HG00740	-0.005083128502667634	0.019805588930541913
HG01047	-0.007778795474909106	0.02360188309931191
HG01048	-0.006203835711682118	0.021456150083267865
HG01051	8.287534227434336E-4	0.0146988545900965
HG01052	9.427603170265209E-4	0.014485185842909901
HG01055	-0.004468027220517812	0.02167009871450372
HG01060	-0.007300953778434359	0.023554776681162425
HG01061	-0.008788389734651994	0.022869360804990472
HG01066	-0.008619439597068545	0.02318206352326524
HG01067	-0.007638983717896308	0.02147850275364151
HG01069	-0.007484133395062888	0.02071913970776456
HG01070	-0.010127255277513162	0.022711168091161315
HG01072	-0.007952189982996483	0.022729857558842007
HG01073	-0.00807888294718246	0.021233207847993728
HG01075	-0.00641572977215312	0.02622272310646257
HG01079	-0.0015066466408324968	0.018680845275534787
HG01080	-0.008116534249262685	0.018713936423901033
HG01082	0.0011498468328255411	0.0168349898302089
HG01083	-0.006733372068981305	0.021423014855307263
HG01085	-0.005363513090385925	0.020254145971786167
HG01095	-0.005758799975598803	0.02149978821908051
HG01097	-0.0077486326449392314	0.020893634758540638
HG01098	-0.006844763072558848	0.021826094898582636
HG01101	-0.0033841311599081595	0.018163407257587943
HG01102	-0.0013612156424406862	0.019590498193869797
HG01104	-0.007957608067570312	0.02196808601491009
HG01105	-0.007962238950972306	0.02483348130022458
HG01107	0.0028838044942244346	0.018309556476185346
HG01108	0.03277542314833788	0.004188095974733498
HG01112	-0.011871138356481436	0.028483204727813065
HG01113	-0.015110294799130364	0.01706466368121551
HG01124	-0.005015140257555409	0.01146083867307514
HG01125	-0.007645493932277848	0.01504261871989434
HG01133	-0.012733710170727316	0.024123693726639736
HG01134	-0.005507337242951174	0.016583830604828115
HG01136	-0.008332685353062934	0.014470651682792407
HG01137	-0.013704464509373508	0.014273804382864666
HG01140	-0.012204680890964267	0.017748426688582567
HG01148	-0.01017162500627129	0.017845863657858188
HG01149	-0.00905379612254488	0.005841983570704629
HG01167	0.0025892644414758446	0.015865071702973684
HG01168	-0.011283655344402376	0.02808468038082889
HG01170	-0.005294573546500571	0.01943096214970117
HG01171	-4.947115360274309E-5	0.01740575327835202
HG01173	-0.008300038593818426	0.025486742776009264
HG01174	-0.009811326172474167	0.023555073971505726
HG01176	-0.007575903996518577	0.020508965123695926
HG01183	-0.00526919152643224	0.01887396598291992
HG01187	-0.0020768465388137816	0.011533604605540634
HG01188	0.0011133537947919652	0.01234028232843958
HG01190	-0.0030585307128069205	0.014485838709330739
HG01191	-0.00748778077454194	0.018041363238188075
HG01197	-0.009408197528519935	0.023630339644492522
HG01198	-5.784833357632277E-4	0.01727503522865399
HG01204	-0.006531500358903803	0.020473099358738374
HG01250	-0.00957666525387348	0.012751052384525315
HG01251	-0.013981695513098693	0.01852206945619387
HG01257	-0.01421263346174613	0.01752907291605729
HG01259	-0.01205990261714527	0.02457942387165137
HG01271	-0.009035604638859317	0.016114111589821012
HG01272	-0.0015911687509469674	0.008988976798419515
HG01274	-0.012390860767681238	0.014939478728226692
HG01275	-0.012808836002169864	0.028899073946936013
HG01277	-0.014387687805403851	0.01331682627950116
HG01278	-0.013739136579678587	0.012737376588506155
HG01334	-0.014709289578692551	0.03175956387068892
HG01342	0.012426548859726126	0.00652530149819855
HG01344	-0.013063805572589514	0.010580449914761595
HG01345	-0.010238299733036187	0.019077950633377774
HG01350	-0.01098224639266406	0.00907108451177841
HG01351	-0.014135044374715734	0.018078905032841687
HG01353	-0.012581008986307818	0.022153302004270115
HG01354	-0.01305084306498163	0.022995380713307517
HG01356	-0.010939608278675154	0.015050902026558208
HG01357	-0.014572347950285724	0.016312519521813132
HG01359	-0.011857711811406702	0.017035856475297213
HG01360	-0.010167443960461792	0.017637263850175073
HG01365	-0.004889375784327829	0.012848015549980978
HG01366	-0.007173334012520267	0.014699408858653435
HG01374	-0.013815583408505201	0.020015845176254262
HG01375	-0.004473257295975987	0.011664015417828417
HG01377	-0.008053347948538101	0.013105937478202961
HG01378	-0.0128757054483157	0.011260065810165016
HG01383	-0.012231825104718689	0.018820565217259
HG01384	-0.010517020566449105	0.01855392624069267
HG01389	-0.009515978299359927	0.022979081553575375
HG01390	0.005652249873708295	0.006679892499959769
HG01437	-0.013171432042258286	0.024766672697938526
HG01440	-0.0018054713177329065	0.01436408119209425
HG01441	-0.01460905948286137	0.009603634112986833
HG01455	-0.013652396068209527	0.010199248583263503
HG01456	-0.012166091923233245	0.010185991712746258
HG01461	-0.0027097596513838756	0.0056219815665552765
HG01462	0.005891865665179484	0.0034357806483986723
HG01465	-0.013210668697505862	0.02214927864726404
HG01488	-0.0019009384928987923	0.01828174102214021
HG01489	-0.01266475314400185	0.025004533865910353
HG01491	-0.012495898153795969	0.02391581102994822
HG01492	-0.01247006259827173	0.022018642849882652
HG01494	-0.00796329906596311	0.007456335934000936
HG01495	-0.007583784457605225	0.0074004854015479685
HG01497	-0.012664980123641452	0.012881249660770427
HG01498	-0.011672859225115299	0.01206977618716647
HG01515	-0.013450198356832309	0.03328589651107083
HG01516	-0.013459420985157627	0.03387413378823719
HG01518	-0.013538999610672354	0.033355063630325005
HG01519	-0.013493458479627109	0.03467704682742671
HG01521	-0.014166738480126997	0.03332031694178859
HG01522	-0.01395474306254777	0.03255190923422204
HG01550	-0.011471508128336314	0.01865567880836414
HG01551	0.013815210674195085	0.00461539428313486
HG01617	-0.012525043795602975	0.030559955736527353
HG01618	-0.0120836678766921	0.03092696005264124
HG01619	-0.011845962011203807	0.031987034876918764
HG01620	-0.012007815742108827	0.031048703315279168
HG01623	-0.010998118424670062	0.03188008250795328
HG01624	-0.011567737962671618	0.030867501165609646
HG01625	-0.012573998070732947	0.03227457448603957
HG01626	-0.011853817711248547	0.030718159183664315
NA06984	-0.014561791728750117	0.031790303648484126
NA06986	-0.01448623238708179	0.03397524369094381
NA06989	-0.014752958964362869	0.03292573948044387
NA06994	-0.014315920236488904	0.03288587100425441
NA07000	-0.014704258805362873	0.032080656023874124
NA07037	-0.013440103350805158	0.0329011896823081
NA07048	-0.013819652496823681	0.03244879051902535
NA07051	-0.014074405636313235	0.03336844372276451
NA07056	-0.014381621620781023	0.03289013674134003
NA07347	-0.01397282703473979	0.03380489419825113
NA07357	-0.014617345179025609	0.03174563016103051
NA10847	-0.014261355965772451	0.03338858282220915
NA10851	-0.014865930570430518	0.03381271160834876
NA11829	-0.014552895070517099	0.033231910442822456
NA11830	-0.014502240161020408	0.03216402823608114
NA11831	-0.014121712023753596	0.03253066535845565
NA11843	-0.014673967779338134	0.0327593913254952
NA11892	-0.014134003910332808	0.03276486076119148
NA11893	-0.014839610658275907	0.03222821904608435
NA11894	-0.014102556490040724	0.03332051654885939
NA11919	-0.01375361501046815	0.03308403015386136
NA11920	-0.014566241101391587	0.034272954937724545
NA11930	-0.01419582327256341	0.03188255299696155
NA11931	-0.014263577215246157	0.033052904687330215
NA11932	-0.013966950528072621	0.03441525789627221
NA11933	-0.0139263501328644	0.033026535073401454
NA11992	-0.01351641144174025	0.033869156005795695
NA11993	-0.01369372814280898	0.03311576310048331
NA11994	-0.014657304483786816	0.03221701410790553
NA11995	-0.013880308522911299	0.034528727315949345
NA12003	-0.01483868872607714	0.03148132285223093
NA12004	-0.013969310337890551	0.03315944409746627
NA12006	-0.014457322415794815	0.033149055511858275
NA12043	-0.014748448228883597	0.032430755409485444
NA12044	-0.01436502307627824	0.03329043200676512
NA12045	-0.014248382644182522	0.03316192981815698
NA12046	-0.013957798371254184	0.03141194964208804
NA12058	-0.01438607533952021	0.033565304390127455
NA12144	-0.014043115176008062	0.033076402455607085
NA12154	-0.01450471037656106	0.0327406301434293
NA12155	-0.01438888101616525	0.03362844546323436
NA12249	-0.014877647369234626	0.031279975765317394
NA12272	-0.01390540152061583	0.03312211028234145
NA12273	-0.013550215016543453	0.03382008372983913
NA12275	-0.013973066231969257	0.03260684104189876
NA12282	-0.013864933847102056	0.033011780165033776
NA12283	-0.013792672032388665	0.032712475365058655
NA12286	-0.014575933533331614	0.031023897818204586
NA12287	-0.014502615926828616	0.03356156751266991
NA12340	-0.014001131980473171	0.03431354033461045
NA12341	-0.013419356291540204	0.032369870376286074
NA12342	-0.014258552785983501	0.03363425130302353
NA12347	-0.014493297691655646	0.032089919217241365
NA12348	-0.014313891816857237	0.03320418704620803
NA12383	-0.01396108662661101	0.03277976417005113
NA12399	-0.014236984938821645	0.032798748609419386
NA12400	-0.014365932000968994	0.033267571167281566
NA12413	-0.013931957307947223	0.0318434759566717
NA12489	-0.013959674117139331	0.033028146147272085
NA12546	-0.013975232369298606	0.03245101674757323
NA12716	-0.014544328048490172	0.03312741832536993
NA12717	-0.013820743162475013	0.03277886446249606
NA12718	-0.01413581004455283	0.033065846649826064
NA12748	-0.015058941688331953	0.03195026101223176
NA12749	-0.014852063888578248	0.033111935565128585
NA12750	-0.014642080677349267	0.031788280309226674
NA12751	-0.014041258008818816	0.03388999411778519
NA12761	-0.014443175853098152	0.033279603832189135
NA12763	-0.014005410734158893	0.03300605909622179
NA12775	-0.01475438034076494	0.03297511936902947
NA12777	-0.014778972650306242	0.033345000749727835
NA12778	-0.01472721848096763	0.03347811353456279
NA12812	-0.014282012923024244	0.03322256819671324
NA12814	-0.013788824397288528	0.03317415962563241
NA12815	-0.014604068262992482	0.032555246221288775
NA12827	-0.01456396917381238	0.03384358258528053
NA12829	-0.013734340225178178	0.03261207887573909
NA12830	-0.014147994201178384	0.032836861139443584
NA12842	-0.014241799529045907	0.03350703585432948
NA12843	-0.01500078934568798	0.032403512884439635
NA12872	-0.014419828975954164	0.03180344009079625
NA12873	-0.014201053673478254	0.03245837858989109
NA12874	-0.013431088328012398	0.03283418280370424
NA12889	-0.013787691744441144	0.03369236335050457
NA12890	-0.014557277567460891	0.03276201292225973
NA18486	0.06033031722244121	-0.008779381767640251
NA18487	0.06054500909297463	-0.00894764646561251
NA18489	0.060171011817664655	-0.008947306059796403
NA18498	0.06048892298834195	-0.008740884141471273
NA18499	0.060393288326018674	-0.009792989954821798
NA18501	0.06062044296562358	-0.008983514038375278
NA18502	0.06063534951322634	-0.008339774180776222
NA18504	0.06123307402286519	-0.008975299075067672
NA18505	0.061619122257589094	-0.00843904051208345
NA18507	0.060734323545311164	-0.009413378534657124
NA18508	0.060854526838870056	-0.009425233268873736
NA18510	0.06062448291726384	-0.00929408586154764
NA18511	0.06016012956537603	-0.009100292718832557
NA18516	0.06108761952501465	-0.008802087016723241
NA18517	0.05990336722625591	-0.008905000141658471
NA18519	0.060886129397302056	-0.00835043563695485
NA18520	0.06053662632274032	-0.008061096839856263
NA18522	0.06085704842689297	-0.008539769020031004
NA18523	0.06019757231332425	-0.008450947263095322
NA18525	-0.02208610967000872	-0.043828873636940345
NA18526	-0.022210195850024397	-0.04477838925833576
NA18527	-0.021419797350414205	-0.04323644250899863
NA18528	-0.021344847333802916	-0.04309467645391515
NA18530	-0.021951348768883064	-0.04384098573288664
NA18532	-0.02236236381352641	-0.04467074141191264
NA18534	-0.022091201533006127	-0.0443759501600347
NA18535	-0.02207367264612049	-0.043412519364774534
NA18536	-0.022325421385089004	-0.04389373203700323
NA18537	-0.02246966823083048	-0.04380474843494696
NA18538	-0.022339346154077257	-0.04330753146558397
NA18539	-0.022259264979896422	-0.04410753861598045
NA18541	-0.022449807619467303	-0.043591774630426836
NA18542	-0.022105321036720593	-0.04339690313991357
NA18543	-0.02289042499268029	-0.04486240696023777
NA18544	-0.022465413417325344	-0.04336064949324074
NA18545	-0.022391303622626185	-0.04445302484268549
NA18546	-0.022410294092332583	-0.044618283332488
NA18547	-0.021901588609358435	-0.043399924280383514
NA18548	-0.022548959462161972	-0.04430621782947564
NA18549	-0.021876137900604907	-0.045482431519406986
NA18550	-0.02196147087492538	-0.043598244949694505
NA18552	-0.022900921697489043	-0.04490389523497544
NA18553	-0.0216168068015533	-0.04360748543168045
NA18555	-0.022609851184966903	-0.04354199897977765
NA18557	-0.022103841404184955	-0.04388103776289664
NA18558	-0.022254064467488437	-0.04381436857125342
NA18559	-0.022562011347750363	-0.04409204134544998
NA18560	-0.022122693587250757	-0.04492479648747476
NA18561	-0.022402099788590764	-0.04252428830323502
NA18562	-0.02211415118882973	-0.043495340702002804
NA18563	-0.02256178208609891	-0.04358339566471957
NA18564	-0.02225828006232206	-0.043507604783666165
NA18565	-0.02218171050637592	-0.04512003290765889
NA18566	-0.0226430707598323	-0.0445436097016351
NA18567	-0.022093604657703863	-0.04426007575649295
NA18570	-0.02265562145045538	-0.0452999003235753
NA18571	-0.0219201941609483	-0.04343546708690979
NA18572	-0.02234443211399167	-0.04559937322006017
NA18573	-0.022118899650247305	-0.04451097892008639
NA18574	-0.022785704628294136	-0.04471117128675801
NA18576	-0.022203523183492127	-0.042954201906170955
NA18577	-0.022532970249167436	-0.044523460550872064
NA18579	-0.021911922653606922	-0.04411147543611578
NA18582	-0.02266110784238379	-0.044739097524564835
NA18592	-0.022668891973405252	-0.04336804554086244
NA18593	-0.022311744288607507	-0.043729138701457
NA18595	-0.022535884808765703	-0.044528095673048475
NA18596	-0.022777007168958998	-0.04498204725873817
NA18597	-0.022268765720199545	-0.04358472581335645
NA18599	-0.02248943650415944	-0.04409704252232797
NA18602	-0.022530257468317196	-0.04434153929848691
NA18603	-0.02274997644517724	-0.04567807728336612
NA18605	-0.02269694037702865	-0.04486616631882524
NA18606	-0.02208843898486894	-0.04428417184684727
NA18608	-0.02272085965063871	-0.0422352128649078
NA18609	-0.022317812938439707	-0.042589113917073235
NA18610	-0.02228885279094995	-0.04383190940386237
NA18611	-0.022025347906251456	-0.0436212516822101
NA18612	-0.02206396175767164	-0.04430938107993524
NA18613	-0.022583355117858212	-0.043520464957206635
NA18614	-0.02264126964654414	-0.044937110496868035
NA18615	-0.02231188581444377	-0.04361059301653052
NA18616	-0.02275551310428817	-0.04481068620976854
NA18617	-0.022330446313949818	-0.04468818264552577
NA18618	-0.02199787181489198	-0.04360027633329623
NA18619	-0.022140297022013554	-0.043019917611194496
NA18620	-0.022342286254323728	-0.044177538151907
NA18621	-0.02288675931576866	-0.04431250139290309
NA18622	-0.02240960871915322	-0.04426100974472416
NA18623	-0.022477071967983125	-0.042903955251880295
NA18624	-0.02237786517616161	-0.045118430294736556
NA18626	-0.022414198682394394	-0.042582744944773585
NA18627	-0.02258220410489844	-0.04392696748810562
NA18628	-0.021946341884026666	-0.04426837368192083
NA18630	-0.022045930118451067	-0.04389990907848737
NA18631	-0.022623166787283617	-0.04490607293398577
NA18632	-0.022296995922070958	-0.04522046343622718
NA18633	-0.022588237200195347	-0.045943250051711085
NA18634	-0.021976218223440723	-0.04471233657260946
NA18635	-0.02261826813753503	-0.04368712129282682
NA18636	-0.02160451278669858	-0.045368469020341695
NA18637	-0.022108541886401583	-0.04515382316775544
NA18638	-0.02157276880875408	-0.043975940852690264
NA18639	-0.02163956159775788	-0.04397419004785737
NA18640	-0.02212224051882856	-0.043430384649002333
NA18641	-0.02183935308561917	-0.044502404861187984
NA18642	-0.02116973028882359	-0.04124845967842566
NA18643	-0.021934981439573602	-0.04346531771301847
NA18645	-0.021713840950399736	-0.044584806290965506
NA18647	-0.02157330257999325	-0.04198130273725684
NA18740	-0.0215144412334488	-0.04405228124177764
NA18745	-0.022328761606945646	-0.0439256892315281
NA18747	-0.02208601504480912	-0.04343898258528974
NA18748	-0.021648691246985263	-0.04448049823009776
NA18749	-0.021790403931166935	-0.04324207397329503
NA18757	-0.022239309557434875	-0.04399553017381184
NA18853	0.06102580798488707	-0.009021679505035848
NA18856	0.060674294098684876	-0.008754974286137737
NA18858	0.06076750593834085	-0.008608329898687877
NA18861	0.06052139891067793	-0.009361788454826037
NA18867	0.060980028781836094	-0.009249109165650726
NA18868	0.060798849240956986	-0.008981414342441985
NA18870	0.06113315894371801	-0.008666697390461706
NA18871	0.06142816205858953	-0.009059446720467516
NA18873	0.06061782346986677	-0.00872385867336739
NA18874	0.06072645594686422	-0.008928978839883578
NA18907	0.06089271438893947	-0.009091455498144139
NA18908	0.061154652908379126	-0.00919827633566383
NA18909	0.060525478345465365	-0.009796699107081482
NA18910	0.060103648365523926	-0.008436598422534379
NA18912	0.060603883017049595	-0.008903001077147473
NA18916	0.06079515704537808	-0.008294794806718795
NA18917	0.06118083471425758	-0.00861386142082959
NA18923	0.0609025052020984	-0.008609809866822807
NA18924	0.06014129312898076	-0.00890037409812531
NA18933	0.06135281398792518	-0.009404352392006921
NA18934	0.060635047919492535	-0.008493979478284723
NA18939	-0.02191676701784657	-0.04346156847207636
NA18940	-0.021757496402962498	-0.044289338604075364
NA18941	-0.022048970576719125	-0.044569070411073886
NA18942	-0.022053449509637595	-0.044519779136375434
NA18943	-0.02258339324009046	-0.044709276508477926
NA18944	-0.022379556969331593	-0.043395680885064
NA18945	-0.022172933457151413	-0.04384957373399876
NA18946	-0.02149403209875394	-0.043115675422919365
NA18947	-0.021953671630230195	-0.04378128961142268
NA18948	-0.021909997422226095	-0.04376386105963657
NA18949	-0.022615064225552726	-0.04316953024765679
NA18950	-0.022646147145396874	-0.0445279951399696
NA18951	-0.021961588065413123	-0.044863884869367376
NA18952	-0.02237023277254393	-0.04382514823990103
NA18953	-0.02256635620329188	-0.04394362098800009
NA18954	-0.021817085779627113	-0.04325187997424279
NA18956	-0.021818430005240082	-0.04409223314990474
NA18957	-0.021608298329954135	-0.04287888837121677
NA18959	-0.022105082826757976	-0.04361227114309993
NA18960	-0.02176814801147667	-0.04423309901033835
NA18961	-0.02245416675653895	-0.04392984903905726
NA18962	-0.021776986882761973	-0.04335150998419822
NA18963	-0.022057818452977586	-0.04486265868487892
NA18964	-0.02178607894967536	-0.04400226028434132
NA18965	-0.02261876799542017	-0.0442746341268728
NA18966	-0.021562122591627042	-0.043031765707143475
NA18968	-0.021836572876266978	-0.04438771835696
NA18971	-0.02257904071268289	-0.04426877237194878
NA18973	-0.022446969586960835	-0.04329722897585015
NA18974	-0.022069370054108767	-0.04393815056147608
NA18975	-0.02209812537234509	-0.0439378572688769
NA18976	-0.022101694350406213	-0.04475823926570891
NA18977	-0.022066618736941303	-0.043747687200292165
NA18978	-0.02144661806221035	-0.04292035999962762
NA18980	-0.022644844098322556	-0.04352818642289128
NA18981	-0.022136579588830634	-0.04300823107384926
NA18982	-0.02212213515715211	-0.043243448014857584
NA18983	-0.022614077209994816	-0.043693771900028204
NA18984	-0.02169850182352452	-0.04327364328606336
NA18985	-0.022436572649764452	-0.04396703170652788
NA18986	-0.02179537636471078	-0.04435314174366428
NA18987	-0.022434544089009675	-0.042010275469896594
NA18988	-0.02157608221402781	-0.0444121324553824
NA18989	-0.022067015988229844	-0.044269979626905466
NA18990	-0.021599161162501202	-0.044978735588451474
NA18992	-0.0219227278448893	-0.042040587945402684
NA18994	-0.021791371822956138	-0.04444448515973456
NA18995	-0.02175687814430687	-0.0432535867735439
NA18998	-0.02143269227555893	-0.04369803410992259
NA18999	-0.022106944630589435	-0.04408581638877466
NA19000	-0.022523048704206333	-0.04533176418966956
NA19002	-0.022161073025924495	-0.043653100688870294
NA19003	-0.022192810690063205	-0.04448522471143312
NA19004	-0.022190488752017536	-0.04460411291836811
NA19005	-0.021997879633675076	-0.04479182834482244
NA19007	-0.02275182798622135	-0.04418453768415377
NA19009	-0.02228618856742821	-0.04381923805555368
NA19010	-0.02243215830351317	-0.04438649066865204
NA19012	-0.021573233443083414	-0.0435038635358788
NA19020	0.0559904932669968	-0.006488938143640575
NA19028	0.05556682851707958	-0.00732309357158439
NA19035	0.05632436815870775	-0.00712013015054904
NA19036	0.05732854528056887	-0.007402074389422275
NA19038	0.05707622987192252	-0.007774080822858612
NA19041	0.05640174463907767	-0.007923600462783007
NA19044	0.056549276611656735	-0.007022597800611395
NA19046	0.057234806939129475	-0.008405319964562633
NA19054	-0.022352609996250706	-0.04395197747850813
NA19055	-0.022256168791593738	-0.04466555708103975
NA19056	-0.021891487603430786	-0.04351980606383887
NA19057	-0.02259035873454876	-0.042773883115126
NA19058	-0.022249466078873247	-0.043973579535094176
NA19059	-0.022405947767746917	-0.04327314598091889
NA19060	-0.022014616313906683	-0.04342159105025687
NA19062	-0.021948422104893617	-0.043770883844968946
NA19063	-0.022289554163233662	-0.04489177158383738
NA19064	-0.02234258739738856	-0.04474117136250324
NA19065	-0.02207277866681978	-0.043566159584013026
NA19066	-0.02182550725108949	-0.04438797764053814
NA19067	-0.022376585357981458	-0.0449067831056794
NA19068	-0.022937187708618124	-0.04452924476309461
NA19070	-0.02240288885451745	-0.04411063594030128
NA19072	-0.02166100300663672	-0.044289058731232844
NA19074	-0.0226554862598596	-0.04432694808108752
NA19075	-0.022825313906036444	-0.04386962511727202
NA19076	-0.02283439157397827	-0.04340166330372375
NA19077	-0.02219758389613226	-0.044547680378550385
NA19078	-0.022290716375327434	-0.043925108262790225
NA19079	-0.021801952677391722	-0.044765948323297174
NA19080	-0.02180090754010216	-0.04447252428537222
NA19081	-0.02254026598264236	-0.043855679321417415
NA19082	-0.021940720811360764	-0.04457610592738398
NA19083	-0.021917929151373958	-0.043633444577149134
NA19084	-0.022551355206020477	-0.044552375600553286
NA19085	-0.02244436944438479	-0.04387266145053366
NA19087	-0.022657873516890102	-0.04381543655647735
NA19088	-0.022396826516846186	-0.043843127869019186
NA19093	0.0601296220025697	-0.009149658581945086
NA19095	0.06043440210270195	-0.008985353162115873
NA19096	0.060541223867720206	-0.008505146539739909
NA19098	0.06033143583878842	-0.008964819804106884
NA19099	0.06053524251533998	-0.009027819032394462
NA19102	0.06103630209395353	-0.008807869613819803
NA19107	0.06019093650362356	-0.008490900997554014
NA19108	0.06036057884854405	-0.009184006050825056
NA19113	0.059953714919237525	-0.009391996983760168
NA19114	0.060789474456600726	-0.008568938631556321
NA19116	0.06080513784608485	-0.008653627223848284
NA19117	0.06005316490208483	-0.009074788769367252
NA19118	0.058568568520316326	-0.008009668842692176
NA19119	0.060455539235945044	-0.009385934077900749
NA19121	0.06009259774056113	-0.008928839090450946
NA19129	0.05965512108932602	-0.008593156037731479
NA19130	0.06057298700339451	-0.009213038757000802
NA19131	0.06080034514225705	-0.00935379365562412
NA19137	0.060355988027403606	-0.008453274896890772
NA19138	0.06055438886037814	-0.00834307099957348
NA19146	0.060357756155630944	-0.008996258197545568
NA19147	0.06098155142506959	-0.008963294506334308
NA19149	0.061003792229322826	-0.008857246154103894
NA19150	0.059878156336729244	-0.00905604334756331
NA19152	0.0597392175137896	-0.009462453483777038
NA19160	0.060630892296014774	-0.008705610529610115
NA19171	0.059699308438496274	-0.008749762862606276
NA19172	0.060539163991670204	-0.008935860883076914
NA19175	0.060443078018931416	-0.008583987301459633
NA19185	0.06074083231723516	-0.008599075366798154
NA19189	0.06016088148954865	-0.008478160901908397
NA19190	0.06057442707651169	-0.009116924205638933
NA19197	0.06031744909058584	-0.009270048162870607
NA19198	0.0609384750416709	-0.008383083914378298
NA19200	0.06039275406716989	-0.00907087700018733
NA19204	0.05950842531055431	-0.009049428502991667
NA19207	0.060659872906706845	-0.0094974932893007
NA19209	0.060523697583706224	-0.009458957586271336
NA19213	0.060995517826991474	-0.009060873969132185
NA19222	0.06035557049288028	-0.00920248015310177
NA19223	0.06052585801889868	-0.009300401200532984
NA19225	0.060481106258481805	-0.009504960095076256
NA19235	0.061219518150520416	-0.008050269017953358
NA19236	0.06152432913164312	-0.009047077006645641
NA19247	0.06032018764150247	-0.009122611457457536
NA19248	0.06112343545658844	-0.008608382883895769
NA19256	0.06062169709634502	-0.009699465605815388
NA19257	0.0603157115891426	-0.008622349914883075
NA19307	0.05699895667103527	-0.007662653855351184
NA19308	0.05711646383096987	-0.00756267861563499
NA19309	0.057139776141536175	-0.0075265718854174235
NA19310	0.05753910998384799	-0.008638135302544028
NA19311	0.05498050587913452	-0.007420007320127225
NA19312	0.05783292130269423	-0.007503805809695691
NA19313	0.057344422261184545	-0.008102154368283761
NA19315	0.05607435675044476	-0.007015663512046943
NA19316	0.05690892018096453	-0.007606543673195066
NA19317	0.058298172228253314	-0.00796586349338424
NA19318	0.05773349690433509	-0.00806812786363437
NA19319	0.057415055529748925	-0.008177767778259883
NA19321	0.05760481589865301	-0.008067475795970721
NA19324	0.05726562051637715	-0.007704892104307921
NA19327	0.054991800351181855	-0.0069411493088724395
NA19328	0.05700491119912911	-0.0077087815083897865
NA19331	0.057998710039355396	-0.008200747527469575
NA19332	0.05633406979284559	-0.007903577378333571
NA19334	0.057423931467942654	-0.007956409743979601
NA19338	0.05647509878680427	-0.007287316478212115
NA19346	0.05764816062119181	-0.007779181751146331
NA19347	0.05770685298161573	-0.007859032166761456
NA19350	0.05708118209488458	-0.00758439796981906
NA19351	0.057349715163995826	-0.007645341261969353
NA19352	0.05782793072445353	-0.007820908170801133
NA19355	0.05689905853650271	-0.007092582681727409
NA19359	0.057975614686568505	-0.00826751891025142
NA19360	0.05743190467135504	-0.008023762099422517
NA19371	0.05674400491916422	-0.008379389067351795
NA19372	0.057862342621616124	-0.007745981512880534
NA19373	0.05777144334922024	-0.00795343855748407
NA19374	0.057265219212173805	-0.008147649197387242
NA19375	0.057009388940893704	-0.007527447258066299
NA19376	0.059323232213163775	-0.008350289225171633
NA19377	0.05784998213145421	-0.00733727496833577
NA19379	0.057955261962876564	-0.007587525907450654
NA19380	0.056250160257086526	-0.0077309959874323885
NA19381	0.05616164224361241	-0.007419122580129352
NA19382	0.05619695171883002	-0.007917195539985634
NA19383	0.05646812513841594	-0.007631746476762505
NA19384	0.05905630840243638	-0.00808907817756863
NA19385	0.056314447849741184	-0.006925485304376347
NA19390	0.05683029595983918	-0.007700495755802796
NA19391	0.05892313129396678	-0.00814860830987392
NA19393	0.05719370155326659	-0.007986993049267725
NA19394	0.05761795444873387	-0.0074079732596458794
NA19395	0.05589005143089673	-0.007602106850429244
NA19396	0.058500485572489956	-0.00854276415541051
NA19397	0.058161364676212	-0.007759024596376918
NA19398	0.05743602885990947	-0.00809781703383549
NA19399	0.05874866394874185	-0.008084028813878957
NA19401	0.05591284138715438	-0.00761535756615315
NA19403	0.05548767809004516	-0.0067789791413993845
NA19404	0.057803454801628414	-0.008132560777971101
NA19428	0.05742729814226509	-0.00728451660391969
NA19429	0.05726031694573844	-0.008116613134720424
NA19430	0.05803334733661565	-0.007744314691633477
NA19431	0.058397210691033596	-0.008877476698097554
NA19434	0.05720271067847001	-0.00809715812435453
NA19435	0.056196193570910644	-0.007354679077356867
NA19436	0.05763752202122174	-0.008053696789597095
NA19437	0.055095137922125496	-0.007308321197446525
NA19438	0.05764039740463875	-0.008796508681086963
NA19439	0.057455478377757115	-0.00801485228616279
NA19440	0.05706468589359618	-0.007789664019763916
NA19443	0.05741079922135658	-0.007928715680294065
NA19444	0.056895392872515306	-0.007838812685071257
NA19445	0.05775703108363877	-0.00824368238193032
NA19446	0.05799092515936234	-0.00736109674730688
NA19448	0.05638251319493751	-0.0073040176644968615
NA19449	0.05733773930333997	-0.00813556247887843
NA19451	0.05777459606656555	-0.008280400193734825
NA19452	0.05650869871231456	-0.007509191906230147
NA19453	0.05751627884359693	-0.008203959591214007
NA19455	0.056539411910504135	-0.007744616064111541
NA19456	0.05718243827310063	-0.00866780350448976
NA19457	0.056860109789801126	-0.007455282389072581
NA19461	0.05726451709603845	-0.006841168105127343
NA19462	0.05861637160889619	-0.008476246883929409
NA19463	0.05592145213576348	-0.007209858778482084
NA19466	0.05675780363265636	-0.007291735599035314
NA19467	0.05621819687969969	-0.007958801710054135
NA19468	0.05713233327090885	-0.007759659148769185
NA19469	0.0574929368565015	-0.00807952485955271
NA19470	0.05803427261659577	-0.008616711919642521
NA19471	0.0557789001917991	-0.007340526326326556
NA19472	0.055924360936236345	-0.007227592689638884
NA19473	0.056743676438528706	-0.007328902610469454
NA19474	0.0564318940093994	-0.007271064652319524
NA19625	0.03307563846632066	-0.006736888131557721
NA19648	-0.012261146875836055	0.029743952730348074
NA19651	-0.011271874765342511	0.017069767873649368
NA19652	-0.012251445023937492	0.017400392703530942
NA19654	-0.012471236935710924	0.0020605581959694543
NA19655	-0.012301659657617757	0.014510013145633572
NA19657	-0.013643504889022955	-8.413619372226366E-7
NA19660	-0.014402065189561648	0.006428839733128392
NA19661	-0.013377587177030196	0.005161935005014942
NA19663	-0.012877652049141671	-5.70279025301102E-4
NA19664	-0.013006360839517159	0.0020339064891710164
NA19672	-0.013445642110375649	0.005916915571645455
NA19675	-0.01076474247822085	0.025262197831365525
NA19676	-0.012632307337402433	0.01559224637423598
NA19678	-0.009562284322169927	0.01927803079474056
NA19679	-0.011101315267205713	0.028893280774083704
NA19681	-0.013520875816670521	3.7173679436454095E-4
NA19682	-0.015309588595870635	0.006551594700929162
NA19684	-0.015488396670536923	0.016277350728191815
NA19685	-0.013431322088637175	0.007332745740803311
NA19700	0.04732747862967278	-9.775962142916299E-4
NA19701	0.04866690361096772	-0.003478563628250163
NA19703	0.049092276232054505	-0.0025679075222873227
NA19704	0.04948155197210604	-0.002335363798312168
NA19707	0.03992499230176456	0.0016039755798105452
NA19711	0.051670803935613865	-0.003941123699728382
NA19712	0.05160275227833637	-0.004972984180601936
NA19713	0.04188767536721108	0.0024190501639676765
NA19716	-0.01363277316172605	0.0020653954708270495
NA19717	-0.014909022509459233	0.0012028461997184378
NA19719	-0.012191848609790409	0.008928354687711687
NA19720	-0.014630615001402511	-0.0018445273691406296
NA19722	-0.01341796374189606	0.006126800769446767
NA19723	-0.009986818311970578	0.004589156329516199
NA19725	-0.01306180265520397	0.013390607184526723
NA19726	-0.017197066604967337	-1.5125319026029733E-4
NA19728	-0.01981791805041903	-0.014314007272479203
NA19729	-0.01884106028707309	-0.013877969129086024
NA19731	-0.01981905756487976	-0.01612075409854435
NA19732	-0.019887310183619715	-0.015456700787573371
NA19734	-0.016301797781467477	4.844945383597794E-4
NA19735	-0.017440527165489165	-0.012069717774936733
NA19737	-0.012589690489983225	0.010281623617600131
NA19738	-0.014868009680508143	0.010088552216960986
NA19740	-0.01602274475142711	-0.007710628715213193
NA19741	-0.018135803680863784	-0.010565387858543059
NA19746	-0.016049786120033344	-0.003987559980141052
NA19747	-0.01499756665900535	0.003835576501948756
NA19749	-0.013919979208644018	0.008082505698377906
NA19750	-0.013362684590880103	0.01632089278673375
NA19752	-0.014784215614427493	0.004673069645366396
NA19753	-0.014185884796434293	0.0019756843158119926
NA19755	-0.014199672755832771	-0.004355044550465195
NA19756	-0.01175423585233188	0.004174802183426108
NA19758	-0.017376387699134976	-0.0073761477533815685
NA19759	-0.0166398075702847	-0.0067972006454598876
NA19761	-0.013257316489773668	0.0013615882853513785
NA19762	-0.013065764558237068	-0.001415562542390693
NA19764	-0.011946462519607497	0.009757713749875014
NA19770	-0.01222772235405498	0.009499378022498154
NA19771	-0.013218362908995968	0.0040668309221138415
NA19773	-0.014344244092676473	0.010972154392183863
NA19774	-0.01279319823224674	0.00586617878004549
NA19776	-0.009316705069460569	0.006057195318540635
NA19777	-0.010427770190279132	0.0065715741739634115
NA19779	-0.012696576050019401	0.015037590301350075
NA19780	-0.013186835075541543	0.013067776724157066
NA19782	-0.011819905721139267	0.006507513871268385
NA19783	-0.017282607004133	-0.005337008894636239
NA19785	-0.014402374229034688	-0.004823645114162399
NA19786	-0.014638842936423738	9.768534538056916E-4
NA19788	-0.014598884724586854	-0.0027213223920077353
NA19789	-0.011646057336007426	0.006479981454766221
NA19794	-0.012363848736941753	0.015739751888695187
NA19795	-0.011546428902540944	0.005463763777434074
NA19818	0.04058316179866395	0.001977494978605534
NA19819	0.04074471810690631	0.001932537103675442
NA19834	0.04208460298276303	0.0022880074406399836
NA19835	0.047525509996105345	-0.002693025314794339
NA19900	0.04680925309301851	-0.0018873826835394704
NA19901	0.053479206379164354	-0.004946863611421946
NA19904	0.046696903915299126	-0.0015980090197618992
NA19908	0.051879379109921867	-0.004309200782775778
NA19909	0.0510705671389569	-0.004071481119266075
NA19914	0.038416830673284774	0.003680661171311321
NA19916	0.05152901870494095	-0.00451054880016447
NA19917	0.05316759062136566	-0.00457802360599352
NA19920	0.05333716424500743	-0.005029414519091459
NA19921	0.029336396785294778	0.0029350712160355007
NA19922	0.03770746229860552	0.002786142381504302
NA19923	0.031390930318646884	0.007394605764853549
NA19982	0.05076476113091969	-0.003897423272951614
NA19984	0.05017075330960507	-0.0032396175294234692
NA19985	0.040816583934969015	0.0031365557626854427
NA20126	0.037828294207283855	0.0026568445783352185
NA20127	0.05344289151448117	-0.004606492277534581
NA20276	0.04683339163143774	-8.088327940855393E-4
NA20278	0.02367219277209887	0.012917568253478305
NA20281	0.04809683936887108	-0.002686728014813041
NA20282	0.03991719178397282	0.001971478950485465
NA20287	0.047066618278817515	-0.001804788942131898
NA20289	0.045015951080962305	2.5301723077131077E-4
NA20291	0.05841349109104218	-0.007563488492689636
NA20294	0.05004066449988781	-0.00347188368189104
NA20296	0.043569674744815184	-0.0011342117441655777
NA20298	0.05381547319831977	-0.007043982739630634
NA20299	0.014944510641368246	-0.008624281451698338
NA20314	-0.018040925132433522	-0.001418751846992713
NA20317	0.038773534681150336	0.0036176579562373946
NA20322	0.04236382612938646	7.427012135915856E-4
NA20332	0.04444084033302087	-1.6467426466968724E-5
NA20334	0.035135917663394606	0.005763611883557399
NA20336	0.03358275922718112	0.005772913170483013
NA20339	0.0494124490385954	-0.004706585176623885
NA20340	0.048847954515317725	-0.0033430719414581605
NA20341	0.045490750159752055	-1.1856676864268848E-4
NA20342	0.030864322706561025	0.006941080681014551
NA20344	0.04298520489741846	5.138587616395953E-4
NA20346	0.04746669579779281	-0.00384013550631603
NA20348	0.048223527166522506	-0.003731989843842884
NA20351	0.03636807358790197	0.003721874964562236
NA20356	0.05075707082100006	-0.003942495808477562
NA20357	0.052123352746645694	-0.00520660586759719
NA20359	0.04153656277882884	0.0011160134550886266
NA20363	0.03798837303931109	0.0037943680233823813
NA20412	0.04230877377483365	-0.0010041672384335342
NA20414	0.005690773781575617	-0.0034842854583020397
NA20502	-0.012642794461569497	0.03178423077708449
NA20503	-0.013273221809719082	0.03240648359910395
NA20504	-0.013151617488246387	0.030523527653596734
NA20505	-0.012473962421219042	0.03247021680603363
NA20506	-0.013240855486605212	0.03170447278203314
NA20507	-0.01289863149661878	0.03165258622282232
NA20508	-0.012833094868842829	0.03163217074068443
NA20509	-0.012445211305972089	0.03193806806805848
NA20510	-0.012738101351064419	0.0317784544197027
NA20512	-0.01330389362753106	0.03218969921974154
NA20513	-0.013425460364927838	0.03090802007747873
NA20515	-0.012668838382290033	0.03157775352010258
NA20516	-0.0135838609839869	0.031163162094506355
NA20517	-0.013021407454087164	0.03226970872735675
NA20518	-0.012855726908856334	0.032147695853005046
NA20519	-0.012582910468663824	0.03185957036259589
NA20520	-0.012707394410982505	0.03150399133366402
NA20521	-0.012511945533224846	0.03316776343359623
NA20522	-0.013088519632747896	0.03176393183575197
NA20524	-0.01323121234100295	0.03161427161640471
NA20525	-0.012733370023860059	0.03200831072359046
NA20527	-0.01292846536504917	0.03193919696985819
NA20528	-0.01335051257480577	0.031200353235792507
NA20529	-0.012393183683489323	0.03163384119024346
NA20530	-0.012897111307100409	0.032245760550452744
NA20531	-0.012838225293886278	0.03145607679477293
NA20532	-0.01295027376519475	0.03214873921426371
NA20533	-0.012697539393140316	0.0327055369673676
NA20534	-0.012430140332215683	0.032278210432950476
NA20535	-0.013062292455169254	0.03245450328911647
NA20536	-0.012625968144779304	0.03161382390522219
NA20537	-0.01207901052852749	0.03321067757150972
NA20538	-0.01203134355480556	0.03178348966768535
NA20539	-0.012638681458303613	0.032214597048445065
NA20540	-0.013140456659101919	0.03292568871626675
NA20541	-0.01257678984747392	0.03223187358031542
NA20542	-0.013032788673533972	0.03134594060985014
NA20543	-0.012735799172662222	0.03217306907227823
NA20544	-0.012950475231804403	0.031363126613430214
NA20581	-0.012974143722808308	0.032308678474339256
NA20582	-0.01264902161438245	0.032302036601278866
NA20585	-0.01278417865685014	0.031252399678951485
NA20586	-0.012464626764219285	0.03315952112764144
NA20588	-0.012616092882908794	0.03176543002645176
NA20589	-0.012332677112173574	0.03177690028863857
NA20752	-0.012891418301340732	0.03181172511299414
NA20753	-0.012782068165733516	0.03157594750259016
NA20754	-0.01256238916517832	0.03143283389530935
NA20755	-0.012900260879494254	0.03265503379225134
NA20756	-0.012571684399240775	0.03194804105616503
NA20757	-0.012609911735053452	0.03172708873862368
NA20758	-0.012763476578878405	0.03201150942429065
NA20759	-0.013058073639817074	0.0323249194402016
NA20760	-0.013597509207125639	0.03206913043020999
NA20761	-0.012981623606560706	0.03199476807031415
NA20765	-0.012548846871650787	0.032364601025567506
NA20766	-0.012348707828564261	0.031587160399413186
NA20768	-0.012994953615018574	0.031990540273133417
NA20769	-0.01286366557006591	0.033409789608075294
NA20770	-0.012991939501003224	0.03147334032721078
NA20771	-0.012712163106629377	0.032988073817927496
NA20772	-0.012511203326215145	0.031783757728936386
NA20773	-0.013229231199901452	0.03166740335044491
NA20774	-0.012981346922756792	0.03287972258761248
NA20775	-0.012652594000273581	0.03175019125216566
NA20778	-0.01309491589177992	0.03199105422789358
NA20783	-0.012566615844215022	0.03168264003936939
NA20785	-0.012744212987811643	0.031202368151045323
NA20786	-0.012620444635742297	0.03202677192551131
NA20787	-0.011954759208672215	0.03160484650538696
NA20790	-0.01249350085217941	0.03308317782233225
NA20792	-0.013070775865348102	0.031668583087243865
NA20795	-0.01241234627373509	0.03235540955273526
NA20796	-0.012705493773077127	0.03202430980609228
NA20797	-0.01241723953864033	0.031863610506603045
NA20798	-0.013197875006848967	0.031425228939241205
NA20799	-0.01282487724083491	0.032435462981209626
NA20800	-0.012698412292249928	0.032578032751257355
NA20801	-0.013226552921089808	0.03284142151102927
NA20802	-0.012668865406779447	0.03249864255466032
NA20803	-0.01289612399813316	0.03284795978734928
NA20804	-0.0127826975457028	0.03166877964967514
NA20805	-0.013008213841586534	0.03253151841589161
NA20806	-0.012519436610531239	0.03249326494308183
NA20807	-0.013108444074722619	0.032637388661810304
NA20808	-0.012808320882742134	0.03229104222592711
NA20809	-0.012775779903502845	0.03229522594026986
NA20810	-0.01245494689484958	0.03233931691720203
NA20811	-0.01214881747848499	0.033096543368986056
NA20812	-0.013542975156107435	0.03183110125748399
NA20813	-0.012785093995595116	0.03244073552511222
NA20814	-0.012696640334843738	0.031306475735343925
NA20815	-0.012463547214819928	0.03246001393314983
NA20816	-0.012872732423831681	0.03146041965226624
NA20818	-0.013645356958782145	0.03201622964830049
NA20819	-0.013367282873866945	0.030543595800554484
NA20826	-0.012474997756777758	0.03262562374169132
NA20828	-0.0123612392664635	0.032270334926140704
