HG00096	-0.027744468258347647	-0.006112936064836649
HG00097	0.03373499416572603	-0.02622811865878709
HG00099	-0.0284383537871142	-0.0067672102262556445
HG00100	-0.02953888562405386	-0.00740125626099476
HG00101	0.034153261831241524	-0.02474319491625504
HG00102	-0.03163730533989116	-0.007631410505918499
HG00103	0.03426648819158444	-0.026409435247443235
HG00104	-0.02819282424055104	-0.014724692510818068
HG00106	-0.030169107130961225	-0.006727800957797044
HG00108	-0.030233257901141484	-0.004957239077886889
HG00109	0.03425465085566606	-0.02633943963965077
HG00110	0.03415210441289496	-0.024625030323987364
HG00111	0.03381056878397832	-0.026858278455470164
HG00112	-0.03062890464192223	-0.008066078564685834
HG00113	0.034298702738157834	-0.024153994907841588
HG00114	-0.03202508553480662	-0.007800607679013987
HG00116	0.03419805116691231	-0.022621744911085127
HG00117	0.03384589458618903	-0.02691602444348046
HG00118	-0.03138187946807582	-0.008518804382867829
HG00119	-0.03176567902269515	-0.006596880887656967
HG00120	0.03428358527534416	-0.026349313420281996
HG00121	-0.029525738495948604	-0.0018283579691386368
HG00122	0.0342164016141574	-0.025737085631987445
HG00123	0.03392808362965843	-0.025975029661283094
HG00124	-0.030958880530553994	-0.006865708296234298
HG00125	-0.03189889195577383	-0.007076605204857618
HG00126	0.03350335945528613	-0.026895784152601784
HG00127	-0.029422323478820952	-0.003986343749330636
HG00128	-0.03044226110379286	-0.007949445796696028
HG00129	0.03378066337918457	-0.02639853932800015
HG00130	0.03424046061619884	-0.02596051879807148
HG00131	0.034332015389518016	-0.027405778730442715
HG00133	0.03402484193787956	-0.02796600282925095
HG00134	0.033847596626297605	-0.02770014827305981
HG00135	-0.03006769220164658	-0.008927509173920644
HG00136	-0.03093354889280942	-0.006739372149299742
HG00137	-0.032130629613761674	-0.007718094285414445
HG00138	0.03425793667587698	-0.02632419093226132
HG00139	0.03386172205508458	-0.028506904349965292
HG00140	0.034384522082292084	-0.0245463687408221
HG00141	0.03415743043745778	-0.02475454970430701
HG00142	-0.03156678532638615	-0.008626148036864423
HG00143	-0.03091868939153402	-0.0075427402920526
HG00146	0.03383826846425116	-0.02724330701729129
HG00148	0.03435404440498861	-0.027695804516188364
HG00149	-0.029020907378283847	-0.007580697487241635
HG00150	-0.03129810027036902	-0.00909473722298624
HG00151	0.03425793667587698	-0.02632419093226132
HG00152	-0.029272828648455342	-0.005956463872004872
HG00154	0.034236052496375756	-0.025948508013138416
HG00155	-0.03038168806138656	-0.008233426488141226
HG00156	-0.03071646085532647	-0.006779709295940613
HG00158	-0.02933854114531321	-0.0020939377803313015
HG00159	0.03426648819158444	-0.026409435247443238
HG00160	-0.030991414465487373	-0.008265656800831706
HG00171	0.034211146524753724	-0.022867625639096504
HG00173	0.03436231110826165	-0.027758048493128237
HG00174	0.0339038346440707	-0.02838939638974547
HG00176	0.03380801172739353	-0.02704078314406036
HG00177	-0.02980943778231075	-0.006052216982939369
HG00178	0.03436783308862995	-0.02186438993529022
HG00179	-0.030178869013935405	-0.009166335050895189
HG00180	-0.030063588790978802	-0.008440510544714957
HG00182	-0.030987953096328662	-0.003699453436099169
HG00183	-0.031783231882531765	-0.007409895464342552
HG00185	-0.03072653598929514	-0.008618420644543087
HG00186	0.03431666209860781	-0.02430794302164742
HG00187	-0.031897825710617195	-0.007075432538395004
HG00188	-0.030146415180358238	-0.006283435381425383
HG00189	-0.031621508080702125	-0.009115665777885747
HG00190	-0.03149557613912681	-0.008913716457093379
HG00231	-0.0306175924907616	-0.006863727287362849
HG00232	-0.030729430598027314	-0.008487525890278307
HG00233	0.03426691103644366	-0.02641607980130461
HG00234	-0.029537094618323472	-0.007398823436362427
HG00235	0.03373887606376663	-0.02615134449610526
HG00236	-0.0315685953911567	-0.008648723969268435
HG00237	-0.03094664072510229	-0.006833492652363262
HG00238	-0.03063783318392865	-0.00848169550253243
HG00239	-0.03210855443833292	-0.007251190678850842
HG00240	0.03379112889663026	-0.027282366239964412
HG00242	0.034236052496375756	-0.025948508013138416
HG00243	-0.030607098911545696	-0.008081029857171514
HG00244	-0.030853235940353444	-0.0074139735525658975
HG00245	-0.020414958182260867	-0.015693255705548574
HG00246	-0.02916851111500969	-6.889515483914974E-4
HG00247	-0.03155660068338208	-0.008737829091309365
HG00249	0.027116527223276895	0.06166942952239255
HG00250	-0.031961130275635345	-0.00787502991867956
HG00251	0.0342799579465639	-0.02648435840790236
HG00252	0.03426895658362012	-0.020250506635232524
HG00253	0.033868219592588795	-0.027684908596745324
HG00254	0.03416467081578457	-0.024793072997986228
HG00255	-0.03123603718515322	-0.007207776453956879
HG00256	-0.03045328577882623	-0.008612060533556006
HG00257	-0.030403964003754176	-0.008524408597727117
HG00258	-0.03000808879955516	-0.008492331593708937
HG00259	0.034357562721137616	-0.02771922524801576
HG00260	-0.027762845970615763	0.027366477587034477
HG00261	0.03383340939050296	-0.026884576476210908
HG00262	-0.030279232754087258	-0.009737131469140669
HG00263	0.0337924907347849	-0.02730815735467959
HG00264	-0.030241960760792337	-0.004274010089195648
HG00265	0.034345492889281175	-0.027610560201006593
HG00266	0.034211146524753724	-0.022867625639096504
HG00267	-0.032166696817371956	-0.0050865957936474205
HG00268	-0.03131533234815976	-0.007443073587952966
HG00269	-0.03156459074259777	-0.006852145153463635
HG00270	-0.03056506502030953	-0.0075348819887897725
HG00271	-0.0289490806004567	-0.009830941388877646
HG00272	0.034252278235629666	-0.02626347779593406
HG00273	-0.02783563579559714	-0.007694157778550309
HG00274	-0.030014885738542326	-0.007943948799383514
HG00275	-0.030074111904513357	-0.008756794357945291
HG00276	0.03426648819158444	-0.026409435247443235
HG00277	-0.030520774263758405	-0.008145324929836247
HG00278	-0.0291192025782565	-0.0012673768835203447
HG00280	-0.03199758780443859	-0.007808870680074135
HG00281	0.034252870715356175	-0.026095996305259935
HG00282	0.03426648819158444	-0.026409435247443235
HG00284	0.034297941191905705	-0.02416481325219451
HG00285	-0.031193822123397788	-0.00921379082283043
HG00306	0.03397127247849931	-0.02251088066996274
HG00309	-0.029889123900173814	-0.007254365796233725
HG00310	0.034236052496375756	-0.025948508013138416
HG00311	-0.031260550783601	-0.005153978958143509
HG00312	-0.030490925274098645	-0.00905322025413608
HG00313	0.03360556263238187	-0.026885868122749814
HG00315	-0.03162575699022207	-0.006931076704565196
HG00318	-0.02826006756934501	-0.003770580334040805
HG00319	0.03418890356318318	-0.02552470985658402
HG00320	0.034252870715356175	-0.026095996305259935
HG00321	-0.029759462390514895	-0.007230036382930065
HG00323	0.03381429148739493	-0.02701921640613182
HG00324	-0.032077586599586844	-0.007813852577838568
HG00325	-0.028457309669452563	-0.0038914378911981654
HG00326	-0.031321724027900774	-0.0074499046914835295
HG00327	0.034161335812919344	-0.024723906125695503
HG00328	0.033303107638817026	-0.024423663805133403
HG00329	-0.029955633846356345	-0.00807240924562004
HG00330	0.033915401544974154	-0.026303950641382776
HG00331	0.033915401544974154	-0.026303950641382776
HG00332	0.03396676041641902	-0.02461354454259704
HG00334	-0.029082890910265786	-0.002008761855531652
HG00335	-0.030928513703274485	-0.008975365683335573
HG00336	-0.028648929010783745	-0.006015141480759033
HG00337	0.03444413521800917	-0.02509331461528465
HG00338	0.03380794711561072	-0.027429854532086063
HG00339	-0.031520378609556886	-0.007175838376750322
HG00341	0.03427411120869008	-0.026455125185854526
HG00342	-0.031012288369685052	-0.008580574174658935
HG00343	0.03432925731677297	-0.02739645314794071
HG00344	0.03414849628297149	-0.02466213874439311
HG00345	-0.030604685136738256	-0.007013109529322766
HG00346	0.03427441462755663	-0.02644486676420389
HG00349	-0.03122568534972227	-0.0065526859681212316
HG00350	-0.028589713168382467	-0.005321145301616422
HG00351	-0.030849680279953225	-0.007031649052477811
HG00353	0.03400062934123541	-0.023658009302308488
HG00355	0.03379084828475764	-0.027388870235874323
HG00356	0.03386477184781707	-0.028516277150383115
HG00357	0.03424460401208319	-0.026033752328320166
HG00358	0.033759535149192825	-0.026441022727969984
HG00359	0.03329919311555503	-0.024829456849172822
HG00360	-0.02917030001312745	-0.007222345476234005
HG00361	0.03326917781087638	-0.02385654193867252
HG00362	-0.03136078180703571	-0.00848533427341404
HG00364	-0.028951508703642312	-0.008309781984777715
HG00366	-0.03160808698164502	-0.008773302594548196
HG00367	-0.031536125239010324	-0.008324978320218465
HG00369	0.03375228166217905	-0.026844852162096932
HG00372	0.033862140277350496	-0.028522224577301917
HG00373	-0.030607020462420906	-0.008441761483809117
HG00375	-0.031540369688816135	-0.0070236145985197495
HG00376	-0.030899103208865665	-0.006842421866465031
HG00377	-0.031212713078914697	-0.005593534797708632
HG00378	0.0340118655225686	-0.0278890075307324
HG00381	0.03390960810201166	-0.026228031908702838
HG00382	-0.031284895190729224	-0.007345104159922294
HG00383	-0.028717354789680096	-0.005843629904384779
HG00384	-0.031038982600439666	-0.007496158743956126
HG00403	-0.029435054197001542	-0.00806438130217579
HG00404	-0.02987326599540562	-0.00625273970108231
HG00406	-0.027452788818576827	-0.0015512535508975052
HG00407	-0.029929910968857915	-0.005463854663056045
HG00418	0.033896277367353456	-0.023148194980532343
HG00419	-0.02968274997785783	-0.00562087115016979
HG00421	0.03374775508070957	-0.025390661405990125
HG00422	-0.02993090626957407	-0.005465307065221854
HG00427	0.03417487765244815	-0.024900450606600313
HG00428	0.034205141256423946	-0.0254510237824207
HG00436	-0.03106448863931497	-0.0073927046581055925
HG00437	-0.0313799406083561	-0.007602397998239311
HG00442	0.033042383619222175	-0.02149074410715352
HG00443	0.03301198828081145	-0.02418780912067153
HG00445	0.0335274971874717	-0.02152727405632235
HG00446	-0.029311311724192334	-0.005670414556666801
HG00448	-0.02987326599540562	-0.00625273970108231
HG00449	0.03422716252711083	-0.02561119125806068
HG00451	-0.031509140738811905	-0.00628607026577659
HG00452	-0.02968266837328869	-0.005727751862506379
HG00457	-0.030064661353350317	-0.006477741869550475
HG00458	-0.031071108672811015	-0.0070902130620946685
HG00463	-0.03038122716942369	-0.007042175888878511
HG00464	-0.03128668123061051	-0.007083049654058015
HG00472	-0.031201863237630176	-0.007158011984983062
HG00473	-0.0304112206731432	-0.0061575637848311545
HG00475	0.034206278727284566	-0.025457789175048703
HG00476	-0.029625289109345396	-0.006399810085485709
HG00478	-0.030364534226200824	-0.005415141050387215
HG00479	0.03421096921049485	-0.02549282086164971
HG00500	0.03380827799405559	-0.026211597316611285
HG00501	0.03366173039319024	-0.024921586922399343
HG00512	0.034317300192319385	-0.021002734708581314
HG00513	0.03420514125642395	-0.02545102378241965
HG00524	0.033721802975199146	-0.022315979841668217
HG00525	-0.027331081075926963	-5.74451894335135E-4
HG00530	0.03380215368625575	-0.026165839841987674
HG00531	-0.03103931883154038	-0.007383612644049865
HG00533	0.03423376731783735	-0.025756360454068834
HG00534	-0.03008630147167079	-0.0064065768479615376
HG00536	0.03420514125642395	-0.02545102378241965
HG00537	-0.02934906197928388	-0.008035138937264902
HG00542	-0.02990128490744444	-0.005769191334705345
HG00543	-0.029924532237649383	-0.005395851979574542
HG00553	0.0338113025148317	-0.023541631271199123
HG00554	-0.030257407644744626	-0.008948688035675705
HG00556	-0.03138650226028979	-0.007578541702287674
HG00557	-0.029405335797820273	-0.005680043222426811
HG00559	0.03416064679762494	-0.024709551367378995
HG00560	0.03376169466077212	-0.025486288184495488
HG00565	-0.02944126692663763	-0.010196418500379322
HG00566	0.03367425962262477	-0.025513657505117363
HG00577	-0.029833831262941507	-0.004117537609384449
HG00578	-0.030873574496821918	-0.006040846582336031
HG00580	-0.029890745895531305	-0.003313157084493909
HG00581	-0.03081695532004202	-0.006837878510105527
HG00583	-0.028911404137395444	-0.006327263991250397
HG00584	0.03424457598888801	-0.023315821690721727
HG00589	0.0343154965079116	-0.02088145259814129
HG00590	0.03420514125642395	-0.02545102378241965
HG00592	0.03426711850231399	-0.026392254445383075
HG00593	-0.030116552910985094	-0.00752447475928419
HG00595	-0.03129904907767574	-0.007528464800274379
HG00596	-0.028980773879643044	-0.009560458673979717
HG00607	0.03420514125642395	-0.02545102378241965
HG00608	0.03392314075603709	-0.023354535263650705
HG00610	0.03398197738920166	-0.02005481300326073
HG00611	0.03322823144976481	-0.02405572232130762
HG00613	0.03319251656822405	-0.025529474429761154
HG00614	-0.030701034192901794	-0.0081393884675134
HG00619	0.03420514125642395	-0.02545102378241965
HG00620	-0.030010802499538348	-0.0055377878610208256
HG00625	0.03419077661410704	-0.025038666290221865
HG00626	-0.028475676828058245	-0.01018243421974986
HG00628	-0.030147579977770077	-0.008023174752836584
HG00629	0.033747246559405995	-0.025284432624386097
HG00634	-0.03183823699550694	-0.007533248896669863
HG00635	-0.030618919936439688	-0.00616699069218476
HG00637	-0.008078066380995615	0.03376815503936214
HG00638	-0.02980108841822016	-0.007584449252794977
HG00640	0.03434899442564993	-0.027654240734430638
HG00641	0.0342590759024167	-0.026331188430233066
HG00650	-0.029681934082797706	-0.005610925047459408
HG00651	-0.02982628039181168	-0.004418155073935458
HG00653	0.03417261406347655	-0.02488768170705238
HG00654	-0.029639794703005682	-0.00579279287313224
HG00656	-0.03098012751243307	-0.008337439369407498
HG00657	0.03421419577594377	-0.025574006330768655
HG00662	0.03418295029845601	-0.02500927249527263
HG00663	-0.03016728258442978	-0.008194727898734456
HG00671	-0.03030587015721014	-0.0061993944821672085
HG00672	0.03420514125642395	-0.02545102378241965
HG00683	-0.03138024788838783	-0.0071400920835321974
HG00684	-0.02967843513603772	-0.0035179650128077922
HG00689	0.03357957402934042	-0.0181202924418116
HG00690	0.03422716252711083	-0.02561119125806068
HG00692	-0.031871287935565706	-0.007585918751381389
HG00693	0.034206278727284566	-0.025457789175048703
HG00698	0.03420516705309639	-0.025442876892676627
HG00699	-0.029587804936611208	-0.008698956588629082
HG00701	-0.03075674567212987	-0.008221394300420716
HG00702	-0.03094865000148973	-0.007042854961987976
HG00704	-0.03008409919057266	-0.007706423199291975
HG00705	0.03392554739570302	-0.023375486526390637
HG00707	-0.029690614474614907	-0.005555533485651784
HG00708	-0.029873688350482992	-0.006288230737147456
HG00731	-0.02949434647167786	-0.006308320534738722
HG00732	0.03395697990644441	-0.024445716001885033
HG00734	0.028520275389369517	0.009751981661272804
HG00736	-0.031549954407431066	-0.007996637571227944
HG00737	0.03381229974493683	-0.02765578572691651
HG00740	-0.029116741282789512	-0.005269244046685813
HG01047	0.0332657830054526	-0.026975969741084693
HG01048	-0.03119523362899892	-0.009133183996658032
HG01051	0.03425793667587698	-0.02632419093226132
HG01052	-0.03147783151950084	-0.006576631765243089
HG01055	0.03392958179378088	-0.026615255060253362
HG01060	-0.02855939506313657	-0.005753751510721772
HG01061	-0.030879440666453473	-0.0076854399537519946
HG01066	0.03347022235653968	-0.02756125532540466
HG01067	0.03414849628297149	-0.02466213874439311
HG01069	-0.03092443134256545	-0.007889553130394772
HG01070	-0.02831427907208659	-0.012213944416335004
HG01072	0.033758293583976216	-0.02682804744145455
HG01073	0.03382672671381936	-0.02673914054044329
HG01075	-0.0320977455863148	-0.007849627214358983
HG01079	-0.029156849313105446	-0.003042918700304456
HG01080	0.03425793667587698	-0.02632419093226132
HG01082	-0.030489698431613865	-0.008861931989336552
HG01083	0.027174812591312013	0.06392397065640275
HG01085	-0.03144099315650924	-0.0075062812949923015
HG01095	-0.030384301196400662	-0.012159189049192609
HG01097	-0.032151507420384785	-0.007734134704144546
HG01098	0.03422248087465096	-0.02217595399412219
HG01101	0.028520275389369517	0.009751981661272804
HG01102	0.03355218775019523	-0.022364513343375747
HG01104	-0.030083528890887345	-0.013179426583437698
HG01105	-0.0311952846621248	-0.009142086855980804
HG01107	-0.030966259325737412	-0.008467170966544499
HG01108	0.02622995542792474	0.059621614101013784
HG01112	0.02895280295439182	0.008854345734799695
HG01113	-0.030395690250931896	-0.0065755830023921
HG01124	0.033489591848310934	-0.021204213677637786
HG01125	-0.014907970927658283	-0.014127324214339636
HG01133	-0.009398581564214198	0.022431295199122847
HG01134	-0.03160625049379236	-0.007228074725721296
HG01136	-0.03038872105008512	-0.006770467776862502
HG01137	-0.03087549307266078	-0.008634267129927936
HG01140	-0.0315049866235051	-0.007587949841365768
HG01148	0.025905984536139924	0.06319480573155896
HG01149	-0.0278215092582805	-0.0064755192431006125
HG01167	-0.0278662209276807	0.03745150868519093
HG01168	0.03388899373288493	-0.022187457877258576
HG01170	0.032858168922281834	-0.029652482820397487
HG01171	0.02706299002679508	0.061090591846508245
HG01173	-0.03055266622647323	-0.007517914934747358
HG01174	0.03385284150461956	-0.02843524714059902
HG01176	0.033866649961864226	-0.02467063910560322
HG01183	-0.031082950979318475	-0.009045630357527925
HG01187	0.03381429148739493	-0.02701921640613182
HG01188	-0.031607775468850755	-0.0072675406920000305
HG01190	-0.03043851326841868	-0.006889544687279024
HG01191	-0.029371101766491024	-0.006019431709266562
HG01197	0.0341621522896494	-0.024629896948244703
HG01198	-0.027761593755737994	-0.00895149882600352
HG01204	0.03388648673087868	-0.027572807325995458
HG01250	0.026806693158810763	0.05666167868408168
HG01251	-0.03143839514569914	-0.005889176082901491
HG01257	-0.03053773419545524	-0.00640300937442726
HG01259	0.033330037377571765	-0.02691098488954497
HG01271	-0.03150207687840141	-0.007660818924898312
HG01272	-0.03113236561997331	-0.0059856709490115215
HG01274	-0.02498184809736667	-0.014592721662627395
HG01275	-0.03079611840557718	-0.009956463228448969
HG01277	0.03360767851338486	-0.022427060993656586
HG01278	0.034275324048010224	-0.026468021845286967
HG01334	0.03405355632429867	-0.025920191350394188
HG01342	-0.03128987867824745	-0.007327666620906068
HG01344	-0.029796722844230735	-0.0065457528773362845
HG01345	-0.006687181047655056	0.04172707697439064
HG01350	-0.03075762199237372	-0.011351740212368658
HG01351	-0.029573876737881807	-0.0025675588237769344
HG01353	0.03386957981013742	-0.02855075072216725
HG01354	-0.031655517549334586	-0.007285614650714795
HG01356	-0.030183025326965606	-0.007955331107815006
HG01357	0.034260306815614254	-0.0263480048702781
HG01359	0.03334260971222842	-0.027460499611332772
HG01360	-0.03160298189068894	-0.007247819074489934
HG01365	-0.015258297267872109	-0.014194566693866586
HG01366	-0.03135662466035956	-0.007421694170206649
HG01374	-0.03165434153979026	-0.0073397787681194065
HG01375	0.025946019262021888	0.05676346253369217
HG01377	-0.030475462637432595	-0.008861114308486155
HG01378	-0.03135997690803843	-0.008976922708331364
HG01383	0.03381335071649331	-0.026678926362984915
HG01384	-0.015321029954554042	-0.01418067009413919
HG01389	-0.03139192881476253	-0.007638983309905188
HG01390	-0.030961969291375284	-0.006871186337522171
HG01437	-0.03157610628435959	-0.007620072759912998
HG01440	0.033428598682858725	-0.02744824481419232
HG01441	-0.02979555960588223	0.02510394523071313
HG01455	-0.02981436211073365	-0.0077505957690752695
HG01456	0.03431596029968026	-0.027247450750728625
HG01461	-0.031277917453022254	-0.004002623988461904
HG01462	-0.031748266470173155	-0.0073600406123621965
HG01465	-0.015394160288206777	-0.014137563358167276
HG01488	-0.030129529671157416	0.014473476437936386
HG01489	0.030715278217855507	-0.0207007540148982
HG01491	0.034259075902416704	-0.026331188430233087
HG01492	-0.015911362480556728	-0.00560823688007455
HG01494	-0.031176615019939756	-0.008135398738709429
HG01495	-0.031596489589128876	-0.009066980395862026
HG01497	0.03421040148938844	-0.02550028516165883
HG01498	-0.03159333313809897	-0.00911758444713059
HG01515	0.03379946021168602	-0.02695553882887836
HG01516	-0.03138388151575692	-0.007449069722066744
HG01518	-0.029115445952718404	-0.006296899946453722
HG01519	-0.030266059087893604	-0.012680184524924904
HG01521	-0.03077909995899784	-0.006699745998632973
HG01522	-0.030717436314749776	-0.006788335608517236
HG01550	-0.03170009946660794	-0.007774259656261044
HG01551	-0.031624073998617774	-9.398656437544416E-4
HG01617	-0.02982378369285717	-0.009070367103221328
HG01618	-0.019985034471544046	-0.009381276069375123
HG01619	-0.03138388151575692	-0.007449069722066744
HG01620	0.0338244662397337	-0.026725477049380397
HG01623	0.03399686921492251	-0.022024598680400694
HG01624	0.03360394130429443	-0.022353743966370535
HG01625	-0.02967602272327798	-0.0073010929438057605
HG01626	-0.03128609400309477	-0.005228508036214408
NA06984	0.033561789998450026	-0.022293380730881048
NA06986	-0.03061020431737641	-0.008450257733309565
NA06989	0.03386172205508458	-0.028506904349965292
NA06994	0.03437152833753342	-0.02785556826451891
NA07000	-0.031258538362078675	-0.007739092723780879
NA07037	0.03415075675705718	-0.02467580223545609
NA07048	0.033822093931438105	-0.027112372763698312
NA07051	-0.0306435032959826	-0.008554544365049687
NA07056	-0.02995402498020477	-0.006461063152530543
NA07347	0.03386172205508458	-0.028506904349965292
NA07357	0.03366345635531851	-0.02358972682219409
NA10847	-0.032108184295360734	-0.007375447821716153
NA10851	-0.031112526935687067	-0.00791744583765747
NA11829	-0.031495603199535545	-0.006736446101599788
NA11830	0.026998483031835524	0.06319607255699866
NA11831	0.033843662591966465	-0.026951568746096857
NA11843	-0.029696512742206034	-0.0063303347636648015
NA11892	-0.03203045700996201	-0.007753915601591862
NA11893	0.033620242706528615	-0.027537838212342104
NA11894	-0.03046848396926628	-0.0069267796803439054
NA11919	-0.029072325502244804	-0.004169400763173584
NA11920	-0.030567847160384513	-0.006958087691828255
NA11930	0.03429413689695673	-0.02548995856577887
NA11931	-0.0299586401827431	-0.007935158589795552
NA11932	-0.0304808930834205	-0.008788737346662448
NA11933	-0.030046196396147282	-0.0066487893210503465
NA11992	-0.029723676794403076	-0.00484732105545271
NA11993	0.03402484193787956	-0.02796600282925095
NA11994	0.0332657830054526	-0.026975969741084693
NA11995	-0.028576523596818	-0.005806819901798227
NA12003	-0.030923408612318477	-0.007449882163277048
NA12004	0.033990588958006836	-0.02525793831830476
NA12006	0.03425805773327602	-0.026333012946621805
NA12043	-0.030189324162890347	-0.00816482772481312
NA12044	-0.029260895365485002	-0.004757092386743447
NA12045	0.03414849628297149	-0.02466213874439311
NA12046	-0.02811027211036055	-0.006049852172242317
NA12058	-0.030470103624996983	-0.006953584391657612
NA12144	0.034345492889281175	-0.027610560201006593
NA12154	-0.029584458024498706	-0.006920597656035505
NA12155	-0.03214619064255484	-0.007939487798312923
NA12249	-0.03093354889280942	-0.006739372149299742
NA12272	-0.031827982306184256	-0.007516454463643253
NA12273	-0.03167599362725843	-0.007436206209107514
NA12275	0.033791972695966344	-0.02233632157300474
NA12282	-0.030326712198785702	-0.013012634581524402
NA12283	-0.03140636465373015	-0.007486849152522543
NA12286	0.0338530602727213	-0.027095998857361792
NA12287	0.034270006507733417	-0.026432855979270517
NA12340	-0.032046653980969675	-0.007638676775082434
NA12341	-0.027686274594866483	-0.004403104335523796
NA12342	0.0343466350274488	-0.027617899641732602
NA12347	-0.02914781116287116	-0.005493809069968503
NA12348	-0.02769016404422992	-0.0042168772298615724
NA12383	0.03436459657915774	-0.027772809709100336
NA12399	0.034270006507733417	-0.026432855979270517
NA12400	0.03415076753283464	-0.02467525361291255
NA12413	0.03317080497065681	-0.024414413761786345
NA12489	0.03436231110826165	-0.027758048493128237
NA12546	-0.028641090127568974	-0.008301705607968442
NA12716	0.03421478195842651	-0.025763890343301003
NA12717	-0.028823324008706352	-0.005450556973091737
NA12718	0.034272282149785706	-0.026446454472762553
NA12748	-0.028159716652726745	-0.007026406590378437
NA12749	0.03425793667587698	-0.02632419093226132
NA12750	0.03425793667587698	-0.02632419093226132
NA12751	0.03425302133090455	-0.026104221659688877
NA12761	-0.028813657190986195	-0.003914066821756168
NA12763	-0.026404841873864424	-0.010542748852186392
NA12775	0.03405355632429867	-0.025920191350394188
NA12777	0.033465176966984665	-0.02895188486397965
NA12778	-0.029521241237461682	-0.007353665053047634
NA12812	-0.030944651366836603	-0.011476226556067755
NA12814	-0.030229819863915583	-0.00695302110599895
NA12815	-0.03217596506287094	-0.007130613406108584
NA12827	-0.0285819836545023	-0.0037556700450252045
NA12829	-0.030380927755862104	-0.00821314894908908
NA12830	-0.03011792664029855	-0.00824088302054711
NA12842	0.03357900270136475	-0.026034907354546707
NA12843	-0.029037308239986955	-0.005766594216935635
NA12872	-0.030132520367886807	-0.0059360622770641205
NA12873	-0.029949588104854246	-0.00842792053023559
NA12874	0.033825544441980146	-0.026732670551190215
NA12889	-0.031112209096811515	-0.005329234181228135
NA12890	0.03414849628297149	-0.02466213874439311
NA18486	0.026175669816632375	0.06769035980213134
NA18487	0.026717508855989083	0.06330726623907772
NA18489	0.026469084144996307	0.06643580222837525
NA18498	0.027087142159959707	0.06716508880830332
NA18499	0.02677237218601279	0.06642511743402349
NA18501	-0.006424530057302103	0.07459739622505922
NA18502	0.026225276258027803	0.06449581361275646
NA18504	-0.0052665314046029185	0.07424125215502748
NA18505	0.026845859008466307	0.06554623013971582
NA18507	0.028521223813524538	0.0097545739336079
NA18508	0.027131686929735676	0.06661554870605044
NA18510	0.02711625700153699	0.06803406625443642
NA18511	0.027231733455615054	0.07096477371233559
NA18516	0.02592931553020004	0.043138898274369473
NA18517	0.02671771129269409	0.06949883226594981
NA18519	0.027075677844899372	0.06675983738132119
NA18520	-0.029773942473550048	0.017188748388089363
NA18522	-0.006436368931764486	0.07288902432016098
NA18523	0.02637690644479115	0.051337398554331934
NA18525	-0.0295181971303638	-0.0036164183271045923
NA18526	0.03420514125642395	-0.02545102378241965
NA18527	-0.029626274280049648	-0.006401511283376652
NA18528	-0.028948168801258615	-0.004931090924059513
NA18530	0.034186073304254494	-0.025026025827473028
NA18532	0.0337027051123242	-0.025436155055049064
NA18534	-0.02922252987893099	-0.010200676702725174
NA18535	-0.03164648111325294	-0.007331859913037883
NA18536	0.033807452546131704	-0.02624213109152228
NA18537	0.03384008844788263	-0.022699890706674473
NA18538	0.0337460318173236	-0.022848843798639624
NA18539	0.03418747422372389	-0.025055200225683225
NA18541	-0.03111655368469329	-0.008056647064488191
NA18542	-0.03116234576284041	-0.007216029354439635
NA18543	0.03324549387469263	-0.026109314902566755
NA18544	0.03420514125642395	-0.02545102378241965
NA18545	-0.03120937500903013	-0.007916646911294466
NA18546	0.033761496067941855	-0.02614604925628997
NA18547	-0.029759077554694684	-0.007342999128496308
NA18548	-0.02980929516321397	-0.0062676417675093755
NA18549	-0.03095186976876626	-0.0073004704396040345
NA18550	-0.029557964447638207	-0.0066286401099667075
NA18552	-0.029553122304633583	-0.006516976570130503
NA18553	-0.030165288051859165	-0.00810204546716937
NA18555	0.03384465869373945	-0.022732742175687302
NA18557	0.03379661605084808	-0.023668248973852186
NA18558	0.03425722761031048	-0.02360834178931239
NA18559	-0.029776139914730507	-0.0014908685499563307
NA18560	-0.03126536908417557	-0.004583429851846239
NA18561	0.034216705824579696	-0.025586932553084064
NA18562	-0.030794770906413308	-0.0077360794300577185
NA18563	0.03379309916673587	-0.026042857293638512
NA18564	0.03423942097009152	-0.025808695724649763
NA18565	0.034205878543994754	-0.025494719834987238
NA18566	-0.029984421184699652	-0.005612357604504205
NA18567	-0.03095201294575323	-0.008146132269752445
NA18570	-0.031770293125842654	-0.007487518636594707
NA18571	0.03420514125642395	-0.02545102378241965
NA18572	-0.029599099228402755	-0.00775697153311515
NA18573	-0.029918671585791028	-0.005659162468155971
NA18574	-0.030758852768430715	-0.0044003485762898155
NA18576	-0.02925392946316907	-0.006502995647261007
NA18577	0.03420571229937933	-0.025484843724832798
NA18579	0.03423376731783735	-0.025756360454068834
NA18582	-0.02971696173182132	-0.006438351730235091
NA18592	-0.030547202658415998	-0.00756440429129029
NA18593	-0.031346942307541814	-0.007538168958206382
NA18595	0.03420514125642395	-0.02545102378241965
NA18596	-0.02970716850072794	-0.006475464134268489
NA18597	-0.029900058805434702	-0.004688560115833496
NA18599	0.03421125727520331	-0.02542671715150577
NA18602	-0.03164228089664137	-0.0073240265167436956
NA18603	-0.03061766557473912	-0.006181820701583164
NA18605	-0.029625703218104503	-0.006435340215808941
NA18606	0.034160735137807784	-0.024640359056379846
NA18608	0.033790122129355324	-0.026451385927939334
NA18609	-0.030506905604175055	-0.00540876061610169
NA18610	0.0338912366962248	-0.02307916736498181
NA18611	-0.03004288206550182	-0.006949001888604564
NA18612	0.033739850272556125	-0.02531624166763399
NA18613	-0.028593757276251262	-0.007311269822603193
NA18614	-0.03011054399276426	-0.004559800480431363
NA18615	-0.03106083244969746	-0.007074294478664291
NA18616	-0.030134864265518844	-0.005593925548719818
NA18617	-0.031125650919223258	-0.007025352920552371
NA18618	0.03420514125642395	-0.02545102378241965
NA18619	-0.029249924871530802	-0.006503013608168133
NA18620	0.03420813914463893	-0.025353922946454985
NA18621	0.03420514125642395	-0.02545102378241965
NA18622	0.034215333547906915	-0.02558080441462591
NA18623	0.034038622362654	-0.020843698041287193
NA18624	-0.03013270387657269	-0.007287204586046707
NA18626	0.034178376706085596	-0.024982305425440766
NA18627	-0.028778835071902452	-0.006709589068900518
NA18628	-0.030264577878220348	-0.006657703809974255
NA18630	-0.031699744458560934	-0.007413201193556057
NA18631	-0.02914703539058662	-0.006303576917762197
NA18632	0.03398197738920166	-0.02005481300326073
NA18633	-0.03179397961295025	-0.007511211052710172
NA18634	0.034206278727284566	-0.025457789175048703
NA18635	-0.028964526728471083	-0.010468018811591734
NA18636	-0.029407102005058076	-0.0060926893294088996
NA18637	-0.02909812446142524	-0.005727707997620833
NA18638	0.032878939194751405	-0.02562979216034936
NA18639	-0.029947988134461492	-0.0053949567304977875
NA18640	0.03420514125642395	-0.02545102378241965
NA18641	-0.031070574402245036	-0.00761312350101676
NA18642	-0.031370412235588355	-0.007481046720908141
NA18643	0.03420541091556135	-0.025466519269283595
NA18645	0.03304640438595264	-0.022743130429131553
NA18647	0.034192164841112975	-0.02537402848390109
NA18740	-0.028992025043018455	-0.007941296246508633
NA18745	0.03420514125642395	-0.02545102378241965
NA18747	0.03313893287057904	-0.02483389731203798
NA18748	-0.028932431702017057	-0.008524573064607542
NA18749	0.0341470844358165	-0.024721052216539283
NA18757	-0.02910765893305476	-0.01200450620906122
NA18853	0.026708916194027908	0.06914298683133391
NA18856	-0.006639944130194323	0.07211080017439248
NA18858	0.02693225684826961	0.043959598306792115
NA18861	0.029364734115221697	0.00884942827179399
NA18867	0.027132839644093337	0.06715548135307361
NA18868	-0.028184813371246033	0.0369006137241075
NA18870	0.026712052564710178	0.0680736551570453
NA18871	0.02738988361339463	0.05780475997711869
NA18873	0.0268656902520483	0.0669722881391835
NA18874	-0.03111068066690636	-0.00691771979680016
NA18907	-0.02849266753084292	0.036899709906357304
NA18908	0.029165976114604957	0.009051864083866887
NA18909	0.026970791969641812	0.06179145371949133
NA18910	-0.028992795863789445	0.03455183215400256
NA18912	0.026202069779321362	0.04513305886837934
NA18916	-0.029687016185185166	0.032670110932893286
NA18917	0.026911554868812994	0.04156533610770632
NA18923	0.0261703290556181	0.06520394068367613
NA18924	-0.029362090593318173	0.016311639815811275
NA18933	0.02852765190856967	0.009786207610159997
NA18934	0.026366217379897798	0.05653552150673742
NA18939	-0.0292650965818143	-0.005538440553188589
NA18940	-0.029227398389550772	-0.003067970838306318
NA18941	0.03415432423704249	-0.024703935823623284
NA18942	0.03420514125642395	-0.02545102378241965
NA18943	0.033854484547010635	-0.022763583183512202
NA18944	-0.028017931264396393	-0.0055865670740551055
NA18945	0.03397121657916617	-0.024119157271215576
NA18946	0.03421931922255713	-0.025585916124855824
NA18947	-0.03111872070615343	-0.004693669517124237
NA18948	-0.029603764357109198	-0.0027738693796440362
NA18949	0.034221097188999565	-0.02568191708124281
NA18950	0.03420843906114239	-0.025523437056808193
NA18951	-0.029781923820761214	-0.006425115285953469
NA18952	0.03421570439726595	-0.025525560842812163
NA18953	0.03421096921049485	-0.02549282086164971
NA18954	0.03352065442966068	-0.02404959031826629
NA18956	-0.029706315834766267	-0.0055749893200690214
NA18957	0.03392397410566869	-0.023758902100790697
NA18959	-0.02965356078659646	-0.007266969725981714
NA18960	-0.03081309746201239	-0.008189147283148401
NA18961	-0.030922559181756588	-0.007654147016784671
NA18962	-0.029770551794945133	-0.00742458536460144
NA18963	-0.02925466675073996	-0.006459299594693235
NA18964	0.03322876253637464	-0.023093805923537703
NA18965	0.03349121652071077	-0.024154912334979076
NA18966	0.03420988313563306	-0.025494737795894427
NA18968	0.03420514125642395	-0.02545102378241965
NA18971	-0.030867022792511613	-0.007753611908838464
NA18973	0.03420514125642395	-0.02545102378241965
NA18974	-0.029207020324443046	-0.006252674306432434
NA18975	0.033761247932252034	-0.025582180993124558
NA18976	0.03380552419862132	-0.026186505492582127
NA18977	-0.030929580323944224	-0.007506473754235784
NA18978	0.03420108137161493	-0.02548705991587481
NA18980	-0.03159988623122594	-0.007046382263554307
NA18981	-0.029924083014787002	-0.005505651742286141
NA18982	0.03333470237488856	-0.019157627365060853
NA18983	-0.029713206080974417	-0.007132391248864335
NA18984	-0.031418060286378204	-0.007149464369566348
NA18985	0.03420514125642395	-0.02545102378241965
NA18986	0.034259954372073506	-0.023646935121287706
NA18987	-0.03068475093585328	-0.006642939389520428
NA18988	-0.03152860077460363	-0.0069247776136094185
NA18989	0.03377855756119943	-0.026315477157274773
NA18990	0.03420684978922971	-0.025491618107480997
NA18992	-0.030040317871450454	-0.007243045073125945
NA18994	0.03420642826231756	-0.025465987867002923
NA18995	0.03363964881669081	-0.024649612389556763
NA18998	-0.028052905159452406	-0.010234845268838154
NA18999	-0.029262092599181777	-0.005426599782982475
NA19000	0.033997616833903545	-0.025447558725584917
NA19002	0.03389514090289033	-0.023141575941297208
NA19003	-0.02868313520429032	-0.006194370592400257
NA19004	-0.03007903769971896	-0.007237584667891634
NA19005	-0.03092271979734603	-0.0070755594629967646
NA19007	-0.029299227898277536	-0.009585771666270325
NA19009	-0.029164913160598764	-0.010986850916865784
NA19010	0.03420514125642395	-0.02545102378241965
NA19012	0.03371737919228693	-0.02094770364509739
NA19020	-0.0276008595327638	0.035234385189067796
NA19028	-0.0052534124207331	0.06332916446864327
NA19035	-0.006638574427183224	0.07778934790915297
NA19036	0.02563225192868908	0.06331214940424967
NA19038	0.02893109054387253	0.00963568879851746
NA19041	-0.028915976811587443	-0.0015522473762129992
NA19044	-0.007943609271335118	0.03824145511717173
NA19046	0.02699599572878933	0.06338874094168812
NA19054	0.033969060860358585	-0.024114383881653576
NA19055	0.03426295131529029	-0.0228339047785556
NA19056	-0.030678886974221373	-0.00732822135278274
NA19057	-0.031837375063635945	-0.007532950232268316
NA19058	-0.03129064920392984	-0.0045624365169071
NA19059	0.033508261015349865	-0.021347108127073765
NA19060	0.03420514125642395	-0.02545102378241965
NA19062	-0.02968937180287262	-0.0058169888146523754
NA19063	-0.029764805168098627	-0.005687881347727336
NA19064	-0.030733802763161035	-0.006448220788247643
NA19065	0.03420688445498065	-0.02544549448327292
NA19066	0.03399835412147443	-0.02549125477815269
NA19067	0.034212167478663666	-0.02549102096094703
NA19068	0.03423664899716579	-0.02575767624236448
NA19070	0.03419063683865143	-0.02504994566738488
NA19072	-0.031206441689167384	-0.0073709471143558625
NA19074	0.03420627872728456	-0.025457789175048685
NA19075	0.0332802500346586	-0.020471071375918002
NA19076	0.03374666479223295	-0.026082371679036716
NA19077	0.032447450269142836	-0.024804355445150722
NA19078	-0.03011518908997196	-0.005720357938563783
NA19079	-0.02959554097472545	-0.010820020678536183
NA19080	-0.02980994273280012	-0.005941566919576295
NA19081	-0.02977571450388264	-0.005630996423020314
NA19082	0.03424298235162701	-0.02583742685885923
NA19083	-0.02914528905088994	-0.006364055021722362
NA19084	0.033912972561420306	-0.023297870296660434
NA19085	0.03386261593065016	-0.025626755438430043
NA19087	0.03391867090372373	-0.02333693392339175
NA19088	0.033968489817403115	-0.02408056393924028
NA19093	0.029416804308335456	0.00892058094166507
NA19095	-0.031044702538355465	-0.006759104303139797
NA19096	-0.009702253426989788	0.042505646225503055
NA19098	-0.0062792856625135994	0.07732593364825212
NA19099	-0.028896239790539537	0.03395121722963156
NA19102	0.025900463598352443	0.06812583100616346
NA19107	0.026727356029032957	0.07131058002315312
NA19108	0.02680153934181453	0.06995216859171845
NA19113	0.026431270784577042	0.0697491861365685
NA19114	0.02664315800533286	0.05915973179156068
NA19116	0.026257366374235314	0.06432510954169166
NA19117	0.025960573383031146	0.06658581353251176
NA19118	-0.027816224964987906	5.6093765554153E-4
NA19119	0.02315637513040134	0.0611989279795887
NA19121	0.027056291793360904	0.06915273256730342
NA19129	0.026856460327304328	0.06741970777045671
NA19130	0.02732962740184787	0.07337813786417652
NA19131	0.026811873940066448	0.06638337410181112
NA19137	0.022940893389758833	0.019869457585414082
NA19138	0.027231733455615054	0.07096477371233559
NA19146	0.026264286437706452	0.056216719228578196
NA19147	-0.029661734033433428	0.019021352189343168
NA19149	0.028471858573158412	0.011928223863550372
NA19150	0.02581320365623518	0.06910447324740883
NA19152	-0.0298034551957599	0.013429681710442717
NA19160	0.026801893143182393	0.06968969662736127
NA19171	-0.006429298592572643	0.055433730002505836
NA19172	-0.00795493528464958	0.05819827943535612
NA19175	0.026414608049842137	0.07074278475735474
NA19185	0.025815028569448627	0.06685915573242543
NA19189	0.027283834400398707	0.07255244008289959
NA19190	0.026708086519836544	0.06734153666518898
NA19197	-0.03005843228395782	0.03433559087269222
NA19198	-0.029442122275324778	-0.002049929815158432
NA19200	0.0258465973805856	0.046183478534705884
NA19204	-0.028060851785272102	0.03517583784645382
NA19207	-0.029569551189180764	0.03568724329867357
NA19209	0.026579381350111533	0.06336514828965542
NA19213	-0.028060851785272102	0.03517583784645382
NA19222	0.027140232422354433	0.06890160037499357
NA19223	0.026426076557067104	0.07114973902609847
NA19225	0.026589184732158887	0.06786440485286947
NA19235	0.026585333665709997	0.059170804991399095
NA19236	0.027075677844899372	0.06675983738132117
NA19247	0.026324064965686716	0.05431551352287871
NA19248	0.026364523198047756	0.06840162666549282
NA19256	0.027193853323873012	0.06968288583190967
NA19257	-0.006247130296712295	0.07924860374753509
NA19307	-0.006892097869284392	0.07177696808046317
NA19308	-0.030024954408691542	0.03214740687875878
NA19309	-0.007722266998283017	0.07165940943752971
NA19310	0.02611496375436277	0.048670011018674526
NA19311	-0.027403779682882743	-0.002366752580096872
NA19312	0.026589940311168434	0.06793011159110933
NA19313	0.02673202008292484	0.07246560333766458
NA19315	0.02673741501878686	0.0725758748177922
NA19316	0.025818120042321344	0.0632367821194858
NA19317	0.026638842108686583	0.06852781139530142
NA19318	0.026522689207253293	0.06348911101992692
NA19319	0.026514970700373227	0.06144114539292978
NA19321	0.02645111364370739	0.0705244557694257
NA19324	-0.007861422384908542	0.05412451237900934
NA19327	-0.03002707252006139	0.01538174302798151
NA19328	-0.007387517662696688	0.06793726951914444
NA19331	0.026792882598521136	0.07125010466745932
NA19332	0.02500420921582108	0.048683583778213455
NA19334	0.02718541080897777	0.06889177287107168
NA19338	0.02673310809764475	0.06357069943932221
NA19346	0.027011158080690587	0.04551544377921624
NA19347	0.02696525809519699	0.07314140952061716
NA19350	0.026796385954225656	0.047483609164715355
NA19351	0.026752087661042145	0.06054190239422595
NA19352	0.02636567861480355	0.06925778049568788
NA19355	-0.030794495141726684	-0.006841136756313103
NA19359	0.026927792367576114	0.05704419004591224
NA19360	0.02889378168464432	0.00970016345079456
NA19371	0.02632578136022174	0.06466083472208457
NA19372	0.027087589565677382	0.06699061543942383
NA19373	-0.007294766229281493	0.07513855329917536
NA19374	-0.007146197226219679	0.07465864823488735
NA19375	0.02625525961371174	0.06319380383924021
NA19376	-0.029330016818015833	0.03474905995343235
NA19377	0.026736326166690538	0.07110937727375075
NA19379	-0.030468091539555056	-0.003825649280590662
NA19380	0.027082040002648765	0.06670857565278765
NA19381	0.027245079711712812	0.06922368877158527
NA19382	0.02711589701037677	0.06763046135694088
NA19383	-0.00688770021635327	0.07223870715569694
NA19384	0.02896029118097934	0.012454599487982413
NA19385	0.02718541080897777	0.06889177287107168
NA19390	0.026291742014843304	0.06046725790171199
NA19391	0.026142279453720867	0.04633403662419506
NA19393	-0.008234510895196367	0.047181084189542644
NA19394	0.02695131920131435	0.07252704142165052
NA19395	-0.027940885349907543	0.03748460128247892
NA19396	0.02596379004136018	0.0523416085251945
NA19397	0.02504912585843492	0.05431092925582812
NA19398	0.027100420204377494	0.0659976505714503
NA19399	-0.008799416158431725	0.040872566020374194
NA19401	0.028528600578026315	0.009788808980438737
NA19403	0.02576029863062309	0.05234511432339216
NA19404	-0.006956016683835841	0.057883538806330084
NA19428	-0.007411298549454712	0.044058630731743494
NA19429	-0.03014977767399689	-0.006259414632654056
NA19430	-0.005723897697480589	0.04602473644396716
NA19431	-0.027916152100841186	-6.669180364154877E-4
NA19434	0.02718187471698438	0.06649629828759383
NA19435	-0.006704892645001482	0.057557323554050674
NA19436	0.02690430510670249	0.06705475500807052
NA19437	0.027274648636276717	0.048923399498507894
NA19438	0.026221407082187356	0.0685983867830289
NA19439	-0.029205042922406818	0.0171777111846781
NA19440	0.026268170753433018	0.05794780543236575
NA19443	0.0265259027060644	0.06081962054531566
NA19444	-0.031062336514365203	-0.006600403113007958
NA19445	-0.030745508931372144	-0.006753441889340977
NA19446	0.02599436684527937	0.04584105722229031
NA19448	0.024417421815465083	0.06688764119248668
NA19449	0.026691530231240445	0.06075334073911198
NA19451	-0.028909192783296962	-0.0020815418024413535
NA19452	0.028107903253065995	0.009895231476432238
NA19453	-0.031048257783100004	-0.006230487533957219
NA19455	0.02648303371833891	0.06665607285896376
NA19456	0.026148810937500655	0.06224109996865986
NA19457	0.028891858496947708	0.00969506861089558
NA19461	-0.007445705582050521	0.07667163685744706
NA19462	0.026823120823253263	0.07205978156866377
NA19463	0.03384469786909595	-0.022731886114410467
NA19466	0.02596075164144209	0.06297108244852263
NA19467	-0.007255081248145314	0.07247133758685581
NA19468	-0.02870094704101668	-0.002069662062255761
NA19469	-0.006870646044784494	0.061491903668953025
NA19470	0.026080009641328644	0.048037951074040075
NA19471	0.028938826691613437	0.009466335605339339
NA19472	-0.006408743882713162	0.0752556131146013
NA19473	-0.031608991546139664	-0.007250971632776878
NA19474	0.027759574731814667	0.009353169008843785
NA19625	-0.030000788239394494	0.033901082684357806
NA19648	-0.030006465578009192	-0.00829429447890895
NA19651	0.034270006507733417	-0.026432855979270517
NA19652	-0.013601265646909838	-0.013467464827398011
NA19654	-0.016455419484120822	0.027443998186371242
NA19655	-0.031514547371628836	-0.008990637653143965
NA19657	-0.02952270558506121	-0.008225019047752831
NA19660	-0.028169677227005512	-0.003726325722334242
NA19661	0.033238353762112004	-0.02616726921717356
NA19663	-0.014013307736597867	-0.014059298338616948
NA19664	-0.03097631994893642	-0.00759765846741381
NA19672	-0.025554118209123327	-0.014434139546754285
NA19675	0.033851427437975354	-0.027791953708475193
NA19676	-0.015321029954554042	-0.01418067009413919
NA19678	-0.029779683507268326	-0.00891641798410204
NA19679	0.03332661895479436	-0.027042396333611336
NA19681	0.030023844787172238	-0.019454632992250743
NA19682	-0.030763718344698023	-0.007371584330121427
NA19684	0.03384589458618903	-0.02691602444348046
NA19685	-0.028169677227005512	-0.003726325722334242
NA19700	0.026423403148508388	0.07109863019197052
NA19701	-0.02125188492764374	0.041518672509258364
NA19703	0.02665949601943381	0.060685378116807964
NA19704	0.028760441901673574	0.014874607279641011
NA19707	-0.007026018761396203	0.04160329038761126
NA19711	0.03395386526184941	-0.024295504821551246
NA19712	0.026359879689862496	0.05036006820925658
NA19713	0.027133760429045438	0.06348961825460082
NA19716	-0.029110668119362876	-0.005167959837201381
NA19717	0.0342121624508689	-0.025547622340989888
NA19719	0.03422574236169083	-0.022215044332538778
NA19720	-0.031520094255315136	-0.007656809469599007
NA19722	0.03426648819158444	-0.026409435247443235
NA19723	-0.03172329493842832	-0.009106683904365866
NA19725	-0.014276271432003277	-0.018430647496114328
NA19726	-0.015716799331696105	-0.015023203937908701
NA19728	0.0338709364608473	-0.027808101444158316
NA19729	0.034313681188020674	-0.027152281087273477
NA19731	-0.014536893383105182	-0.014249244187829479
NA19732	-0.015103337744771248	-0.014186829402381564
NA19734	-0.015634932889843484	-0.014967069185655088
NA19735	0.033909883561244115	-0.02516283221461041
NA19737	-0.031526663399757696	-0.008857806752002009
NA19738	-0.03026213822551187	-0.01299376530355125
NA19740	0.03428037990920145	-0.02661193968342666
NA19741	-0.029569630286343164	-0.0025659435819505552
NA19746	0.03426376462994797	-0.026365988011491575
NA19747	0.028549657845119442	0.053222256710296685
NA19749	0.034274705141296304	-0.026456659282513628
NA19750	-0.031279134762625234	-0.006223068762704325
NA19752	-0.03116567503651109	-0.006963849037342986
NA19753	-0.029169130546362887	-0.00410445190112827
NA19755	0.034259075902416704	-0.026331188430233087
NA19756	0.03425793667587698	-0.02632419093226132
NA19758	-0.031226317912670123	-0.007338013927008539
NA19759	-0.031149827666977173	-0.009140413691885898
NA19761	-0.014216736185987256	-0.019223213685590945
NA19762	-0.015321539445948874	-0.014184439600692222
NA19764	-0.03085903568903435	-0.008452900496873157
NA19770	-0.0305776628580702	-0.007671461556073713
NA19771	0.029017649588581954	0.022610912277966837
NA19773	0.030498647800515068	-0.01937508995328605
NA19774	0.0342115391351749	-0.025507063648950515
NA19776	0.03386172205508458	-0.028506904349965292
NA19777	-0.03123581591883383	-0.007416005428469074
NA19779	0.03426090876741952	-0.0262352369860398
NA19780	0.03383012199019768	-0.02267924279501854
NA19782	0.03375773814729294	-0.026788808440813487
NA19783	0.030563768325646796	-0.017585771491215277
NA19785	0.03426295131529029	-0.0228339047785556
NA19786	-0.031234452125642534	-0.00734172835233325
NA19788	-0.0310834002840776	-0.0072407439406457705
NA19789	-0.02887180733254562	-0.00463513874079765
NA19794	-0.031018073890801225	-0.007611306144644839
NA19795	-0.015116314160082175	-0.014109834103863102
NA19818	-0.029274187822557803	-9.608849992549978E-4
NA19819	-0.007599537386854721	0.034427958466378236
NA19834	0.029012407972736822	0.007921774917187895
NA19835	-0.03040420941036371	-0.003197186835717528
NA19900	-0.02960633892935173	0.032517318594926396
NA19901	-0.008222773724538437	0.03778499182477628
NA19904	0.027014582781232574	0.04259730761490796
NA19908	0.02609373503010873	0.06483681490804419
NA19909	-0.030600417952209386	0.01522217741197898
NA19914	-0.030117083588952043	0.01678670117861869
NA19916	-0.030911770650751822	0.016299648924162347
NA19917	0.02524958208259042	0.06743330697952933
NA19920	-0.006239513561976445	0.07877455798089723
NA19921	0.03368809502428947	-0.0256916137598962
NA19922	-0.02820411007354076	0.026218520680536865
NA19923	0.02613148832490159	0.06320173907004237
NA19982	-0.02762603749968241	0.03268945620375904
NA19984	0.026841749093313924	0.06629532692864025
NA19985	0.027035618274980588	0.04217467855328392
NA20126	0.0272756813403303	0.06884445824976584
NA20127	0.026963538361645903	0.06972215589324293
NA20276	0.02947412633802827	0.007185201586601772
NA20278	0.026769197963992453	0.055508018787754104
NA20281	-0.03004105363415822	-0.005410990834177434
NA20282	-0.006913554145720122	0.03936964628588259
NA20287	-0.0068400180905944415	0.04261613551864428
NA20289	-0.02739172301912493	-0.001512020952617064
NA20291	0.026366812148231448	0.06920653095423497
NA20294	-0.005780321928594687	0.07771626625201197
NA20296	0.027071982508208265	0.06147868507776139
NA20298	0.027059378526392956	0.06811902682585536
NA20299	0.02708357258855098	0.06709794142808022
NA20314	0.034314581649329365	-0.02711307597028788
NA20317	0.026597549927312728	0.06202593431805733
NA20322	-0.009623137273578459	0.02443495082895314
NA20332	0.026997633601273725	0.06340033741050609
NA20334	-0.031124762590707174	0.0096182423494615
NA20336	-0.03126696019927757	-0.003145953236730212
NA20339	0.026524245866660134	0.06396579084261488
NA20340	0.025704819763842156	0.049782256476973326
NA20341	-0.027908642517091582	-0.001526959972701181
NA20342	0.02681231002508753	0.06462151661817545
NA20344	-0.028556131268974494	0.025444602541487327
NA20346	0.026708086519836544	0.06734153666518898
NA20348	-0.030362002621332995	-0.0067015297941297475
NA20351	0.02710044185317178	0.0664868362371842
NA20356	-0.028742108782981363	0.037351400943295955
NA20357	-0.029820660378748805	0.0344954090670479
NA20359	-0.027464328938840467	0.03245761445815446
NA20363	-0.02954617992461527	-0.013376406598156945
NA20412	0.028554029078605724	0.007736340027863025
NA20414	-0.0291089572089997	-0.005824044013990109
NA20502	0.034236052496375756	-0.025948508013138416
NA20503	-0.029028816826016015	-0.005286223948389436
NA20504	-0.029204915822388704	-0.007610265889467614
NA20505	-0.029147164001746616	-0.006912397486333727
NA20506	-0.03091197087590455	-0.0035844019383197193
NA20507	-0.030820689308009627	-0.008351111618940796
NA20508	0.03350335945528613	-0.026895784152601784
NA20509	0.03436287419538999	-0.027782956228804095
NA20510	-0.030615564069950866	-0.010948610765001244
NA20512	-0.03070648217488932	-0.008282080803096606
NA20513	-0.032012806768210174	-0.0077750973627087015
NA20515	-0.030635622015391054	-0.007417862157307259
NA20516	-0.030955958572439497	-0.0012715792375844858
NA20517	-0.030631261391394077	-0.011626033950188639
NA20518	-0.02954710577613917	-0.008366254354073127
NA20519	-0.029825130872690283	-0.011522498808418049
NA20520	-0.031103216085673263	-0.0073116766876006635
NA20521	-0.03127133649920169	-0.008888576300379173
NA20522	0.03414849628297149	-0.02466213874439311
NA20524	-0.028989816970684045	-0.006301258653081712
NA20525	-0.03155275700802621	-0.007184658333754167
NA20527	-0.03053135359312945	-0.008831325618383214
NA20528	0.03425793667587698	-0.02632419093226132
NA20529	-0.030630843169128088	-0.011641354177525372
NA20530	0.03399843412579038	-0.023849510065126856
NA20531	-0.028847940293085423	0.033657801939837605
NA20532	-0.02981770327667382	-0.002413831460543852
NA20533	0.03375877919968327	-0.026022856408876936
NA20534	-0.030380927755862104	-0.00821314894908908
NA20535	-0.029521856154499378	-0.008429283901260336
NA20536	0.03431787660612314	-0.02328377413529465
NA20537	0.03391295897840937	-0.026459957503350635
NA20538	-0.02935284686925381	-0.0073495622533766855
NA20539	-0.030950285236405903	-0.008836951301485615
NA20540	-0.029727704533228604	-0.00873921162292238
NA20541	0.03414849628297149	-0.02466213874439311
NA20542	-0.029348441564500942	-0.011235267180931444
NA20543	0.03381429148739493	-0.02701921640613182
NA20544	-0.031176164010352215	-0.008678194562829098
NA20581	-0.02982659858363441	-0.0021752676270813467
NA20582	0.03397530013568336	-0.02345831252216522
NA20585	0.03388880569513949	-0.02217762607453563
NA20586	0.03424509527929254	-0.026078041863447
NA20588	0.03425793667587698	-0.02632419093226132
NA20589	-0.02870702177174336	-0.008961978515244709
NA20752	0.034157318662817765	-0.024745325272859876
NA20753	-0.02717902711872274	-0.007910336898191157
NA20754	0.03426648819158444	-0.026409435247443235
NA20755	0.0342735653950332	-0.026449628440736183
NA20756	0.033825591051481634	-0.026732581217251247
NA20757	-0.029760987094196268	-0.006186624845627627
NA20758	-0.029458014720186276	-0.003690072766497817
NA20759	-0.03192741934530343	-0.0076833828608043235
NA20760	0.02677574460871502	0.055776233595577894
NA20761	-0.030404180787480962	-0.007020726281790777
NA20765	-0.030322799858120197	-0.0030078182887956894
NA20766	0.034157318662817765	-0.024745325272859876
NA20768	0.03415845454336767	-0.02475190307666995
NA20769	-0.02761521389753855	-0.006162479927552058
NA20770	-0.030122190107463528	-0.008459406368272667
NA20771	0.033316376158750556	-0.027917509295234646
NA20772	-0.03038731288493588	-0.006965559116196983
NA20773	-0.03194317999337395	-0.007720600949488767
NA20774	-0.030740701784299558	-0.009963981762320396
NA20775	0.03431418938680317	-0.02435103207659735
NA20778	-0.031700212515712235	-0.008737876811054235
NA20783	0.03414849628297149	-0.02466213874439311
NA20785	-0.030705409178281788	-0.008772951845231159
NA20786	-0.03202928100041764	-0.007808079718996363
NA20787	0.029030402700421433	0.006850907739368855
NA20790	0.0338244662397337	-0.026725477049380397
NA20792	-0.03055515421552253	-0.008593851281309116
NA20795	-0.031576422787231405	-0.007575752940529549
NA20796	0.03380215167476574	-0.026989828576872453
NA20797	0.03421265713828848	-0.026160943226594218
NA20798	-0.029229564693584082	-0.007816206849073866
NA20799	0.02168919230998414	-0.027170882395071653
NA20800	0.034238175865325265	-0.025981694716476978
NA20801	0.026997633601273725	0.06340033741050609
NA20802	0.0338244662397337	-0.026725477049380397
NA20803	0.034319017825928326	-0.023289963429495825
NA20804	-0.00934267084107419	0.022282383922739058
NA20805	-0.030767713563541455	-0.007462521437063572
NA20806	-0.03149335339428155	-0.007068294925560384
NA20807	-0.02712569773313457	-0.004069356410746715
NA20808	-0.029381749153341186	-0.0062047027898603875
NA20809	0.03425980340905041	-0.026178872057924563
NA20810	-0.027121217059856418	-0.005293217894327073
NA20811	-0.028588723318573553	-0.008459843281056059
NA20812	-0.03093354889280942	-0.006739372149299742
NA20813	-0.030766690436240522	-0.007460538276343061
NA20814	-0.02861060749807479	-0.008084160361932987
NA20815	-0.028757332102756234	-0.0037395400690715605
NA20816	-0.026060139965197307	-0.010433999297158915
NA20818	0.03375228166217905	-0.026844852162096935
NA20819	-0.031984842131106625	-0.007739955420156679
NA20826	-0.030226768037091872	-0.009103793477303189
NA20828	0.03427338082204381	-0.026180465863800996
