Sample,,PC1,-PC2,PC2
HG00096,,-0.0182838963,0.03160245797,-0.03160245797
HG00097,,-0.01799578885,0.03193527061,-0.03193527061
HG00099,,-0.01785908223,0.03242291951,-0.03242291951
HG00100,,-0.01808559138,0.03295021139,-0.03295021139
HG00101,,-0.01759238838,0.03104531793,-0.03104531793
HG00102,,-0.01853598719,0.03168386665,-0.03168386665
HG00103,,-0.01848367432,0.0318466186,-0.0318466186
HG00104,,-0.01779651854,0.03127582796,-0.03127582796
HG00106,,-0.01891932659,0.03251555895,-0.03251555895
HG00108,,-0.01813483064,0.03190948343,-0.03190948343
HG00109,,-0.01824519547,0.03159085908,-0.03159085908
HG00110,,-0.01852254542,0.03136773671,-0.03136773671
HG00111,,-0.01844883575,0.03203566218,-0.03203566218
HG00112,,-0.01868267776,0.03227138049,-0.03227138049
HG00113,,-0.01806751142,0.03180339003,-0.03180339003
HG00114,,-0.01810322113,0.0321564563,-0.0321564563
HG00116,,-0.01890338793,0.03136621991,-0.03136621991
HG00117,,-0.0181845962,0.03234014347,-0.03234014347
HG00118,,-0.01832186214,0.03209426273,-0.03209426273
HG00119,,-0.01824061107,0.03241272886,-0.03241272886
HG00120,,-0.01839334967,0.03314604659,-0.03314604659
HG00121,,-0.01847341721,0.03167558342,-0.03167558342
HG00122,,-0.01865753868,0.03224409476,-0.03224409476
HG00123,,-0.01831441943,0.03222456974,-0.03222456974
HG00124,,-0.01821042301,0.03236318841,-0.03236318841
HG00125,,-0.01819993557,0.03235983684,-0.03235983684
HG00126,,-0.01825880548,0.03221388481,-0.03221388481
HG00127,,-0.01846742813,0.03254126431,-0.03254126431
HG00128,,-0.01744411262,0.03288789074,-0.03288789074
HG00129,,-0.01806661409,0.03182350621,-0.03182350621
HG00130,,-0.01733989541,0.03280985892,-0.03280985892
HG00131,,-0.01786927285,0.03247660905,-0.03247660905
HG00133,,-0.01852347673,0.03245796497,-0.03245796497
HG00134,,-0.01768501997,0.03260374703,-0.03260374703
HG00135,,-0.01775838234,0.03233965001,-0.03233965001
HG00136,,-0.01885594686,0.03177807535,-0.03177807535
HG00137,,-0.01826874895,0.03266228907,-0.03266228907
HG00138,,-0.01800679301,0.03269153529,-0.03269153529
HG00139,,-0.01792125474,0.03292419235,-0.03292419235
HG00140,,-0.01851726376,0.03176849593,-0.03176849593
HG00141,,-0.01864971751,0.03257509363,-0.03257509363
HG00142,,-0.01795259977,0.03326665918,-0.03326665918
HG00143,,-0.01816033798,0.03245990522,-0.03245990522
HG00146,,-0.01876803222,0.03280528292,-0.03280528292
HG00148,,-0.01838503703,0.03214301248,-0.03214301248
HG00149,,-0.01826505956,0.03225126539,-0.03225126539
HG00150,,-0.01815705025,0.03133763598,-0.03133763598
HG00151,,-0.01807181036,0.0311026104,-0.0311026104
HG00152,,-0.01863868721,0.03278413095,-0.03278413095
HG00154,,-0.01797787764,0.0328597957,-0.0328597957
HG00155,,-0.01891108812,0.03192479456,-0.03192479456
HG00156,,-0.01830454953,0.03184222586,-0.03184222586
HG00158,,-0.01872386458,0.03141037222,-0.03141037222
HG00159,,-0.0180626571,0.03273301557,-0.03273301557
HG00160,,-0.01843754834,0.03284991944,-0.03284991944
HG00171,,-0.02042861464,0.0264773362,-0.0264773362
HG00173,,-0.02003506873,0.02717524646,-0.02717524646
HG00174,,-0.01968956307,0.02887771251,-0.02887771251
HG00176,,-0.01956757478,0.02612396769,-0.02612396769
HG00177,,-0.01971132954,0.02569572528,-0.02569572528
HG00178,,-0.01965124042,0.02761982443,-0.02761982443
HG00179,,-0.01970161031,0.0270045777,-0.0270045777
HG00180,,-0.01968755898,0.02751252957,-0.02751252957
HG00182,,-0.01929043551,0.02703482065,-0.02703482065
HG00183,,-0.01933613065,0.02748221276,-0.02748221276
HG00185,,-0.01971553693,0.02644858107,-0.02644858107
HG00186,,-0.0193781071,0.02690044961,-0.02690044961
HG00187,,-0.01891452847,0.02661142946,-0.02661142946
HG00188,,-0.01960506305,0.0276892404,-0.0276892404
HG00189,,-0.0198001149,0.02653415582,-0.02653415582
HG00190,,-0.01919204334,0.02911121455,-0.02911121455
HG00231,,-0.01862587479,0.03223874379,-0.03223874379
HG00232,,-0.01783794253,0.03313702662,-0.03313702662
HG00233,,-0.01795592972,0.03303187864,-0.03303187864
HG00234,,-0.01844049583,0.03231030495,-0.03231030495
HG00235,,-0.01794740886,0.03174959754,-0.03174959754
HG00236,,-0.01758234253,0.03272819305,-0.03272819305
HG00237,,-0.01839598048,0.03274092217,-0.03274092217
HG00238,,-0.01802200648,0.03143861058,-0.03143861058
HG00239,,-0.01820467993,0.03344864082,-0.03344864082
HG00240,,-0.01799359584,0.03271719132,-0.03271719132
HG00242,,-0.01803329157,0.03187234768,-0.03187234768
HG00243,,-0.01804651613,0.03241276304,-0.03241276304
HG00244,,-0.01823264733,0.03244394333,-0.03244394333
HG00245,,-0.01813576343,0.03189907839,-0.03189907839
HG00246,,-0.01801996303,0.03246368014,-0.03246368014
HG00247,,-0.01819549222,0.03240509195,-0.03240509195
HG00249,,-0.01893872757,0.03288133731,-0.03288133731
HG00250,,-0.01861824264,0.03180709424,-0.03180709424
HG00251,,-0.01847540494,0.03207290405,-0.03207290405
HG00252,,-0.01833831043,0.0328339235,-0.0328339235
HG00253,,-0.0180902261,0.03310447152,-0.03310447152
HG00254,,-0.01807654729,0.03259096616,-0.03259096616
HG00255,,-0.01792017712,0.0322628572,-0.0322628572
HG00256,,-0.0186800483,0.03238534418,-0.03238534418
HG00257,,-0.01811091405,0.03229701337,-0.03229701337
HG00258,,-0.01841638521,0.03229314959,-0.03229314959
HG00259,,-0.01826441998,0.0326127254,-0.0326127254
HG00260,,-0.01856573439,0.03254743676,-0.03254743676
HG00261,,-0.0177067932,0.03211494292,-0.03211494292
HG00262,,-0.01914011528,0.03237520394,-0.03237520394
HG00263,,-0.01830551771,0.03314739204,-0.03314739204
HG00264,,-0.01816268633,0.03239935395,-0.03239935395
HG00265,,-0.01861786409,0.03345409929,-0.03345409929
HG00266,,-0.01932207791,0.02717796042,-0.02717796042
HG00267,,-0.02017287845,0.0266058868,-0.0266058868
HG00268,,-0.01933721895,0.02844607479,-0.02844607479
HG00269,,-0.01942721126,0.02715216058,-0.02715216058
HG00270,,-0.01969649801,0.02748954133,-0.02748954133
HG00271,,-0.01960707576,0.02543112567,-0.02543112567
HG00272,,-0.01902131935,0.02572785907,-0.02572785907
HG00273,,-0.01979664641,0.02776221707,-0.02776221707
HG00274,,-0.01982293759,0.02902843412,-0.02902843412
HG00275,,-0.01899587433,0.02911974458,-0.02911974458
HG00276,,-0.01940736935,0.02760985661,-0.02760985661
HG00277,,-0.01941634284,0.02895398171,-0.02895398171
HG00278,,-0.01949323566,0.0283155876,-0.0283155876
HG00280,,-0.0198164917,0.02714425715,-0.02714425715
HG00281,,-0.01992429217,0.02723058651,-0.02723058651
HG00282,,-0.01933613087,0.02723513663,-0.02723513663
HG00284,,-0.01989634425,0.02777614115,-0.02777614115
HG00285,,-0.01985032849,0.02648233122,-0.02648233122
HG00306,,-0.0196705724,0.02836094852,-0.02836094852
HG00309,,-0.0194588198,0.02734817887,-0.02734817887
HG00310,,-0.01964538243,0.02892542741,-0.02892542741
HG00311,,-0.01930130301,0.02938318345,-0.02938318345
HG00312,,-0.01998680362,0.02780336883,-0.02780336883
HG00313,,-0.0196598945,0.02710744327,-0.02710744327
HG00315,,-0.01935109791,0.02806025444,-0.02806025444
HG00318,,-0.01963268501,0.02908875776,-0.02908875776
HG00319,,-0.0188880072,0.02753555132,-0.02753555132
HG00320,,-0.01941469197,0.02758991189,-0.02758991189
HG00321,,-0.02004865715,0.02661481372,-0.02661481372
HG00323,,-0.01921240124,0.02703466059,-0.02703466059
HG00324,,-0.01938756822,0.02693126528,-0.02693126528
HG00325,,-0.02047211211,0.02593476987,-0.02593476987
HG00326,,-0.01972613478,0.02795613928,-0.02795613928
HG00327,,-0.01963177984,0.02686913914,-0.02686913914
HG00328,,-0.01977762756,0.02856254115,-0.02856254115
HG00329,,-0.01951656132,0.02903624976,-0.02903624976
HG00330,,-0.01932198485,0.02701468207,-0.02701468207
HG00331,,-0.01954217344,0.02791089602,-0.02791089602
HG00332,,-0.01908253923,0.02693105516,-0.02693105516
HG00334,,-0.0194736193,0.02908237639,-0.02908237639
HG00335,,-0.02001845678,0.02825302777,-0.02825302777
HG00336,,-0.01931134358,0.02686748641,-0.02686748641
HG00337,,-0.0194282631,0.02957929414,-0.02957929414
HG00338,,-0.01888069231,0.02871978359,-0.02871978359
HG00339,,-0.01996665848,0.02655153657,-0.02655153657
HG00341,,-0.01794941289,0.02763942108,-0.02763942108
HG00342,,-0.01989337372,0.02627657903,-0.02627657903
HG00343,,-0.01946236336,0.0282935648,-0.0282935648
HG00344,,-0.01946907078,0.02901621616,-0.02901621616
HG00345,,-0.01959821476,0.02762097132,-0.02762097132
HG00346,,-0.01936819654,0.02818731335,-0.02818731335
HG00349,,-0.01911165511,0.02655697677,-0.02655697677
HG00350,,-0.01809559646,0.02982816824,-0.02982816824
HG00351,,-0.01890987177,0.02685650873,-0.02685650873
HG00353,,-0.01983064521,0.02801544446,-0.02801544446
HG00355,,-0.01937364533,0.02878730512,-0.02878730512
HG00356,,-0.01883671821,0.02787639042,-0.02787639042
HG00357,,-0.01953991532,0.02822180012,-0.02822180012
HG00358,,-0.01904818137,0.02638830657,-0.02638830657
HG00359,,-0.01866527441,0.0276671578,-0.0276671578
HG00360,,-0.01880582804,0.02765679821,-0.02765679821
HG00361,,-0.01998347038,0.02629185213,-0.02629185213
HG00362,,-0.01898175919,0.0276712968,-0.0276712968
HG00364,,-0.01907502538,0.02786484619,-0.02786484619
HG00366,,-0.01921184702,0.02717262382,-0.02717262382
HG00367,,-0.01994874076,0.02644017398,-0.02644017398
HG00369,,-0.0199659586,0.02722308227,-0.02722308227
HG00372,,-0.02022824187,0.02822288313,-0.02822288313
HG00373,,-0.01993669554,0.0259534087,-0.0259534087
HG00375,,-0.01962383896,0.02763369858,-0.02763369858
HG00376,,-0.01910416685,0.02896617901,-0.02896617901
HG00377,,-0.02001401071,0.02664713408,-0.02664713408
HG00378,,-0.0196179106,0.02703109875,-0.02703109875
HG00381,,-0.0195637561,0.02877387278,-0.02877387278
HG00382,,-0.01911072703,0.02651734958,-0.02651734958
HG00383,,-0.01922705382,0.02745351905,-0.02745351905
HG00384,,-0.01961693563,0.02766272531,-0.02766272531
HG00403,,-0.02568623115,-0.04515221907,0.04515221907
HG00404,,-0.02662954278,-0.04581447232,0.04581447232
HG00406,,-0.02567579795,-0.04514684662,0.04514684662
HG00407,,-0.02588444307,-0.04511636077,0.04511636077
HG00418,,-0.02648879253,-0.04591452246,0.04591452246
HG00419,,-0.02612728061,-0.04557212435,0.04557212435
HG00421,,-0.0258058612,-0.04556494289,0.04556494289
HG00422,,-0.02660206577,-0.04548253851,0.04548253851
HG00427,,-0.02614073102,-0.04600085191,0.04600085191
HG00428,,-0.02661281061,-0.0450057882,0.0450057882
HG00436,,-0.02615496445,-0.04510441468,0.04510441468
HG00437,,-0.02617963059,-0.04574673134,0.04574673134
HG00442,,-0.02637201817,-0.04547593537,0.04547593537
HG00443,,-0.0259901476,-0.04524762149,0.04524762149
HG00445,,-0.02584457691,-0.04420343358,0.04420343358
HG00446,,-0.02639431555,-0.04508034902,0.04508034902
HG00448,,-0.02609239484,-0.04439750173,0.04439750173
HG00449,,-0.02599914415,-0.04564489388,0.04564489388
HG00451,,-0.02600943028,-0.04481682165,0.04481682165
HG00452,,-0.02576848543,-0.04501579017,0.04501579017
HG00457,,-0.02619679845,-0.04523128457,0.04523128457
HG00458,,-0.02633040404,-0.04509504351,0.04509504351
HG00463,,-0.02648248831,-0.04506745576,0.04506745576
HG00464,,-0.02656138268,-0.04576570625,0.04576570625
HG00472,,-0.02612100376,-0.04518644508,0.04518644508
HG00473,,-0.02630529829,-0.0459402462,0.0459402462
HG00475,,-0.02616625416,-0.04489417082,0.04489417082
HG00476,,-0.02651792798,-0.04557098599,0.04557098599
HG00478,,-0.02621532055,-0.04580264007,0.04580264007
HG00479,,-0.0264357492,-0.04430937363,0.04430937363
HG00500,,-0.02615821566,-0.04509196362,0.04509196362
HG00501,,-0.02629113246,-0.04655702355,0.04655702355
HG00512,,-0.02627830542,-0.0453109825,0.0453109825
HG00513,,-0.02570850959,-0.04569847561,0.04569847561
HG00524,,-0.02624033863,-0.04544703103,0.04544703103
HG00525,,-0.02590651403,-0.04442879069,0.04442879069
HG00530,,-0.0263878518,-0.04503671745,0.04503671745
HG00531,,-0.02619920687,-0.04516999495,0.04516999495
HG00533,,-0.02616725107,-0.04488429833,0.04488429833
HG00534,,-0.02610511372,-0.04555105917,0.04555105917
HG00536,,-0.02627333066,-0.0453171081,0.0453171081
HG00537,,-0.02633674248,-0.04566401022,0.04566401022
HG00542,,-0.02627065782,-0.04609239765,0.04609239765
HG00543,,-0.02605232673,-0.04582478751,0.04582478751
HG00553,,-0.005399246691,0.01343474602,-0.01343474602
HG00554,,-0.01244541937,0.02239623273,-0.02239623273
HG00556,,-0.02643165615,-0.04485218637,0.04485218637
HG00557,,-0.02615773212,-0.04539649661,0.04539649661
HG00559,,-0.02632407778,-0.04537143148,0.04537143148
HG00560,,-0.02593441334,-0.04599849894,0.04599849894
HG00565,,-0.02635708306,-0.04614549346,0.04614549346
HG00566,,-0.02635195609,-0.04582413424,0.04582413424
HG00577,,-0.0261461148,-0.04535943381,0.04535943381
HG00578,,-0.02608816619,-0.04688056303,0.04688056303
HG00580,,-0.0262283559,-0.04495466721,0.04495466721
HG00581,,-0.0261226917,-0.04633556778,0.04633556778
HG00583,,-0.02622925054,-0.04590555579,0.04590555579
HG00584,,-0.0257136853,-0.04616538681,0.04616538681
HG00589,,-0.02619435584,-0.04540508296,0.04540508296
HG00590,,-0.02607451408,-0.04424687952,0.04424687952
HG00592,,-0.02659086507,-0.04445644984,0.04445644984
HG00593,,-0.0262146697,-0.04642597665,0.04642597665
HG00595,,-0.02661471895,-0.04554537263,0.04554537263
HG00596,,-0.02648102083,-0.04742563123,0.04742563123
HG00607,,-0.02637198295,-0.0455319224,0.0455319224
HG00608,,-0.02592906293,-0.04581605836,0.04581605836
HG00610,,-0.02600699291,-0.04508150387,0.04508150387
HG00611,,-0.02644871353,-0.04503961341,0.04503961341
HG00613,,-0.02616870286,-0.04596265342,0.04596265342
HG00614,,-0.0261545372,-0.04573581046,0.04573581046
HG00619,,-0.025931185,-0.04539009832,0.04539009832
HG00620,,-0.02682282761,-0.04556276976,0.04556276976
HG00625,,-0.02576594843,-0.04412944962,0.04412944962
HG00626,,-0.02673978627,-0.04671159536,0.04671159536
HG00628,,-0.02585701644,-0.04495476669,0.04495476669
HG00629,,-0.026266604,-0.04568437486,0.04568437486
HG00634,,-0.02625702932,-0.04521589456,0.04521589456
HG00635,,-0.02616877897,-0.04588624758,0.04588624758
HG00637,,-0.007941100037,0.01721805863,-0.01721805863
HG00638,,-0.005474396997,0.01667876268,-0.01667876268
HG00640,,-0.01320179045,0.02258800123,-0.02258800123
HG00641,,-0.012302484,0.01969050871,-0.01969050871
HG00650,,-0.02629773877,-0.04495755559,0.04495755559
HG00651,,-0.02596271863,-0.04526299661,0.04526299661
HG00653,,-0.02619767201,-0.04507795116,0.04507795116
HG00654,,-0.02586259416,-0.04541876927,0.04541876927
HG00656,,-0.0258166107,-0.0456111715,0.0456111715
HG00657,,-0.02622162342,-0.04528343731,0.04528343731
HG00662,,-0.02631100264,-0.04500875849,0.04500875849
HG00663,,-0.02671099002,-0.04536754985,0.04536754985
HG00671,,-0.02603335222,-0.04516168168,0.04516168168
HG00672,,-0.02604543845,-0.04516039141,0.04516039141
HG00683,,-0.02609114906,-0.04460268269,0.04460268269
HG00684,,-0.02578629562,-0.04593922399,0.04593922399
HG00689,,-0.02625082199,-0.04608057117,0.04608057117
HG00690,,-0.02607537615,-0.04534771906,0.04534771906
HG00692,,-0.02629744261,-0.04402747067,0.04402747067
HG00693,,-0.02633591819,-0.04544923647,0.04544923647
HG00698,,-0.02578854269,-0.04532569972,0.04532569972
HG00699,,-0.02563802992,-0.04599777399,0.04599777399
HG00701,,-0.02587212278,-0.04500288583,0.04500288583
HG00702,,-0.02623225242,-0.04631807262,0.04631807262
HG00704,,-0.02624181676,-0.04468176845,0.04468176845
HG00705,,-0.02627881416,-0.04531085311,0.04531085311
HG00707,,-0.02645005456,-0.04496096677,0.04496096677
HG00708,,-0.02636538323,-0.04599351244,0.04599351244
HG00731,,-0.01561352468,0.02650617146,-0.02650617146
HG00732,,-0.01414554124,0.02205613843,-0.02205613843
HG00734,,-0.009925166109,0.01705455983,-0.01705455983
HG00736,,-0.01375349901,0.02272400143,-0.02272400143
HG00737,,-0.01142295791,0.02328183784,-0.02328183784
HG00740,,-0.009206128351,0.01935978222,-0.01935978222
HG01047,,-0.01187695492,0.02283881989,-0.02283881989
HG01048,,-0.01068635454,0.02051552637,-0.02051552637
HG01051,,-0.003248093225,0.01349105148,-0.01349105148
HG01052,,-0.001854274549,0.01316752934,-0.01316752934
HG01055,,-0.008433151113,0.02110754275,-0.02110754275
HG01060,,-0.01115786622,0.02267608723,-0.02267608723
HG01061,,-0.01289607386,0.02223978245,-0.02223978245
HG01066,,-0.01306264891,0.02205020252,-0.02205020252
HG01067,,-0.01178412039,0.02102127807,-0.02102127807
HG01069,,-0.01174254518,0.02032865709,-0.02032865709
HG01070,,-0.01392726795,0.02222801264,-0.02222801264
HG01072,,-0.01221039965,0.02199400853,-0.02199400853
HG01073,,-0.01225229052,0.02055872884,-0.02055872884
HG01075,,-0.01073277297,0.02478087977,-0.02478087977
HG01079,,-0.005146386044,0.01790499822,-0.01790499822
HG01080,,-0.01205396991,0.01759041922,-0.01759041922
HG01082,,-0.002266664159,0.01556459199,-0.01556459199
HG01083,,-0.0107947079,0.02015152788,-0.02015152788
HG01085,,-0.009823872706,0.01922600883,-0.01922600883
HG01095,,-0.009619311806,0.02095715422,-0.02095715422
HG01097,,-0.01161811142,0.01996443799,-0.01996443799
HG01098,,-0.01104329032,0.02116902335,-0.02116902335
HG01101,,-0.007673104371,0.0171604128,-0.0171604128
HG01102,,-0.005664842961,0.01917203449,-0.01917203449
HG01104,,-0.01208951,0.0213490204,-0.0213490204
HG01105,,-0.01165626423,0.0242008953,-0.0242008953
HG01107,,-0.001575140685,0.01803707055,-0.01803707055
HG01108,,0.02924104089,0.003051222156,-0.003051222156
HG01112,,-0.01573739548,0.02797172887,-0.02797172887
HG01113,,-0.01911093866,0.01648880358,-0.01648880358
HG01124,,-0.009643698867,0.01005447773,-0.01005447773
HG01125,,-0.01189773257,0.01465973486,-0.01465973486
HG01133,,-0.01686425486,0.02316083224,-0.02316083224
HG01134,,-0.009894038202,0.01562399329,-0.01562399329
HG01136,,-0.01223650749,0.01362218795,-0.01362218795
HG01137,,-0.01772940282,0.01320094398,-0.01320094398
HG01140,,-0.01640480267,0.01685565041,-0.01685565041
HG01148,,-0.01442881986,0.01707105113,-0.01707105113
HG01149,,-0.01334611314,0.005290009853,-0.005290009853
HG01167,,-9.86E-04,0.01483432976,-0.01483432976
HG01168,,-0.01547535903,0.02724592858,-0.02724592858
HG01170,,-0.008572195933,0.01826518283,-0.01826518283
HG01171,,-0.003430736984,0.01656345342,-0.01656345342
HG01173,,-0.01273402986,0.02497752186,-0.02497752186
HG01174,,-0.01381880204,0.02288034064,-0.02288034064
HG01176,,-0.01111176552,0.01870489727,-0.01870489727
HG01183,,-0.009499917335,0.01808348893,-0.01808348893
HG01187,,-0.005297812079,0.01086680083,-0.01086680083
HG01188,,-0.002668843889,0.01121280867,-0.01121280867
HG01190,,-0.007531915078,0.01424812516,-0.01424812516
HG01191,,-0.01149444756,0.01744873286,-0.01744873286
HG01197,,-0.01364599079,0.02233891091,-0.02233891091
HG01198,,-0.004306620251,0.01655482425,-0.01655482425
HG01204,,-0.01090160724,0.01989314422,-0.01989314422
HG01250,,-0.01378106356,0.01162248794,-0.01162248794
HG01251,,-0.01762523174,0.01809467107,-0.01809467107
HG01257,,-0.01828105824,0.01626390647,-0.01626390647
HG01259,,-0.01632296437,0.02386804412,-0.02386804412
HG01271,,-0.0132600721,0.01547150162,-0.01547150162
HG01272,,-0.005810565196,0.008121220844,-0.008121220844
HG01274,,-0.0164470699,0.01361564296,-0.01361564296
HG01275,,-0.01675391979,0.02866978657,-0.02866978657
HG01277,,-0.01844763191,0.01230618944,-0.01230618944
HG01278,,-0.01779909307,0.01142639383,-0.01142639383
HG01334,,-0.01867199978,0.03116187792,-0.03116187792
HG01342,,0.008832691179,0.004868477031,-0.004868477031
HG01344,,-0.01721957692,0.01007586496,-0.01007586496
HG01345,,-0.01445680246,0.01842250208,-0.01842250208
HG01350,,-0.01531149824,0.008720372293,-0.008720372293
HG01351,,-0.01820224026,0.01714704842,-0.01714704842
HG01353,,-0.01638971135,0.02136253886,-0.02136253886
HG01354,,-0.01703479914,0.02259576738,-0.02259576738
HG01356,,-0.01530022474,0.01408541038,-0.01408541038
HG01357,,-0.01839806628,0.01591618163,-0.01591618163
HG01359,,-0.0160060737,0.01651469549,-0.01651469549
HG01360,,-0.01437337988,0.01695144295,-0.01695144295
HG01365,,-0.009239360615,0.01169106431,-0.01169106431
HG01366,,-0.009790426041,0.0132100937,-0.0132100937
HG01374,,-0.01790772114,0.01894283818,-0.01894283818
HG01375,,-0.008877868552,0.01122511917,-0.01122511917
HG01377,,-0.01179498301,0.01187889523,-0.01187889523
HG01378,,-0.01717082169,0.009964343039,-0.009964343039
HG01383,,-0.01623206615,0.01831085542,-0.01831085542
HG01384,,-0.01457974297,0.01758126617,-0.01758126617
HG01389,,-0.01376163065,0.02250933983,-0.02250933983
HG01390,,0.001996735626,0.00520120023,-0.00520120023
HG01437,,-0.01695226602,0.02399633772,-0.02399633772
HG01440,,-0.005608262854,0.01299088729,-0.01299088729
HG01441,,-0.0185799714,0.009195095225,-0.009195095225
HG01455,,-0.01772578611,0.0101388312,-0.0101388312
HG01456,,-0.01613678149,0.008610890866,-0.008610890866
HG01461,,-0.007411109359,0.004463991964,-0.004463991964
HG01462,,0.001330164866,0.002331055778,-0.002331055778
HG01465,,-0.01738835289,0.02130542357,-0.02130542357
HG01488,,-0.006525175563,0.01806624863,-0.01806624863
HG01489,,-0.01665020181,0.02432813133,-0.02432813133
HG01491,,-0.01657620888,0.02228437245,-0.02228437245
HG01492,,-0.01613129187,0.02145685731,-0.02145685731
HG01494,,-0.01243137021,0.006560800552,-0.006560800552
HG01495,,-0.01170334321,0.006780321727,-0.006780321727
HG01497,,-0.01498172148,0.01170412779,-0.01170412779
HG01498,,-0.01587594308,0.010592938,-0.010592938
HG01515,,-0.01732240616,0.03248484608,-0.03248484608
HG01516,,-0.01743021767,0.03341153689,-0.03341153689
HG01518,,-0.01768874593,0.03280572215,-0.03280572215
HG01519,,-0.01750810359,0.03421389945,-0.03421389945
HG01521,,-0.01815098187,0.03275789142,-0.03275789142
HG01522,,-0.01792008439,0.032175094,-0.032175094
HG01550,,-0.01567063713,0.01718803956,-0.01718803956
HG01551,,0.009490315169,0.00325601235,-0.00325601235
HG01617,,-0.01641674987,0.02994332927,-0.02994332927
HG01618,,-0.01612871318,0.03040331495,-0.03040331495
HG01619,,-0.01601608716,0.0313261898,-0.0313261898
HG01620,,-0.01591465416,0.03067875012,-0.03067875012
HG01623,,-0.01500867194,0.03151669257,-0.03151669257
HG01624,,-0.01573337618,0.03043392594,-0.03043392594
HG01625,,-0.01657993045,0.03155120702,-0.03155120702
HG01626,,-0.01578211674,0.03028785987,-0.03028785987
NA06984,,-0.01849762742,0.0310932836,-0.0310932836
NA06986,,-0.01843628931,0.0332591565,-0.0332591565
NA06989,,-0.01850335724,0.03255149151,-0.03255149151
NA06994,,-0.01829256901,0.03229610835,-0.03229610835
NA07000,,-0.01849261231,0.03177589263,-0.03177589263
NA07037,,-0.01747551625,0.03232394256,-0.03232394256
NA07048,,-0.01796545395,0.03177392283,-0.03177392283
NA07051,,-0.01795984545,0.03263654884,-0.03263654884
NA07056,,-0.01826990828,0.03253660673,-0.03253660673
NA07347,,-0.01797167788,0.0329164278,-0.0329164278
NA07357,,-0.01842975732,0.03118652888,-0.03118652888
NA10847,,-0.01829100584,0.03267310216,-0.03267310216
NA10851,,-0.018779326,0.0332798555,-0.0332798555
NA11829,,-0.018593143,0.03236523378,-0.03236523378
NA11830,,-0.01853467308,0.03172599224,-0.03172599224
NA11831,,-0.01813173515,0.03203935953,-0.03203935953
NA11843,,-0.01867492749,0.03217607669,-0.03217607669
NA11892,,-0.01814624337,0.03217839835,-0.03217839835
NA11893,,-0.01892451058,0.03153909835,-0.03153909835
NA11894,,-0.01801811199,0.03285223499,-0.03285223499
NA11919,,-0.01784501331,0.03235678429,-0.03235678429
NA11920,,-0.01846074205,0.03380647113,-0.03380647113
NA11930,,-0.01820134349,0.03113534358,-0.03113534358
NA11931,,-0.01825202655,0.03253950346,-0.03253950346
NA11932,,-0.01791162112,0.03359534736,-0.03359534736
NA11933,,-0.01795438083,0.03237563989,-0.03237563989
NA11992,,-0.01757109443,0.03291996883,-0.03291996883
NA11993,,-0.01775562359,0.03253568376,-0.03253568376
NA11994,,-0.01862949493,0.0317127884,-0.0317127884
NA11995,,-0.01789441882,0.03375429966,-0.03375429966
NA12003,,-0.01884671328,0.03078790947,-0.03078790947
NA12004,,-0.01794616622,0.03234207037,-0.03234207037
NA12006,,-0.0184494059,0.03254637796,-0.03254637796
NA12043,,-0.01877670019,0.03165424223,-0.03165424223
NA12044,,-0.01841209757,0.03286754385,-0.03286754385
NA12045,,-0.01831862891,0.03243473094,-0.03243473094
NA12046,,-0.01799167269,0.03099001703,-0.03099001703
NA12058,,-0.01830248867,0.03325759899,-0.03325759899
NA12144,,-0.0180875342,0.0325414933,-0.0325414933
NA12154,,-0.01852347399,0.03193648093,-0.03193648093
NA12155,,-0.01834395343,0.03315742662,-0.03315742662
NA12249,,-0.01887766718,0.03077367065,-0.03077367065
NA12272,,-0.01805397809,0.03237815315,-0.03237815315
NA12273,,-0.01752770494,0.03313495844,-0.03313495844
NA12275,,-0.01780383637,0.03201431556,-0.03201431556
NA12282,,-0.01787272403,0.03217774746,-0.03217774746
NA12283,,-0.01774454608,0.03243866746,-0.03243866746
NA12286,,-0.018499798,0.03026275148,-0.03026275148
NA12287,,-0.01839409075,0.03298976295,-0.03298976295
NA12340,,-0.0181524273,0.03348490807,-0.03348490807
NA12341,,-0.01746204502,0.03190978816,-0.03190978816
NA12342,,-0.01824542933,0.03254163642,-0.03254163642
NA12347,,-0.01848254788,0.03146812791,-0.03146812791
NA12348,,-0.01841822834,0.03253672169,-0.03253672169
NA12383,,-0.01785428583,0.03231124301,-0.03231124301
NA12399,,-0.01827483239,0.03218168601,-0.03218168601
NA12400,,-0.01832210586,0.03283654553,-0.03283654553
NA12413,,-0.01778689281,0.03137505083,-0.03137505083
NA12489,,-0.01795325687,0.03265393052,-0.03265393052
NA12546,,-0.01819211594,0.03164759018,-0.03164759018
NA12716,,-0.01862673295,0.03255273915,-0.03255273915
NA12717,,-0.01774204225,0.03234044589,-0.03234044589
NA12718,,-0.01789689265,0.03270973771,-0.03270973771
NA12748,,-0.0190967197,0.03130300143,-0.03130300143
NA12749,,-0.01874392843,0.03282422376,-0.03282422376
NA12750,,-0.01860825765,0.03118818158,-0.03118818158
NA12751,,-0.01797485903,0.03342526096,-0.03342526096
NA12761,,-0.01838584048,0.03281509867,-0.03281509867
NA12763,,-0.01804458742,0.032600113,-0.032600113
NA12775,,-0.0188414047,0.03234253018,-0.03234253018
NA12777,,-0.01877242928,0.03262156264,-0.03262156264
NA12778,,-0.01844394028,0.03307942676,-0.03307942676
NA12812,,-0.01829255924,0.03234156109,-0.03234156109
NA12814,,-0.01762016864,0.03263545211,-0.03263545211
NA12815,,-0.01853683285,0.03224955376,-0.03224955376
NA12827,,-0.01858841051,0.03281390301,-0.03281390301
NA12829,,-0.01762008998,0.03168371012,-0.03168371012
NA12830,,-0.01810363894,0.0324298743,-0.0324298743
NA12842,,-0.0182829629,0.0329193367,-0.0329193367
NA12843,,-0.018909309,0.03192620991,-0.03192620991
NA12872,,-0.01849061018,0.0311343808,-0.0311343808
NA12873,,-0.01808053341,0.03196801166,-0.03196801166
NA12874,,-0.01745130589,0.0320054831,-0.0320054831
NA12889,,-0.01779225572,0.03300436619,-0.03300436619
NA12890,,-0.01840232302,0.03232329796,-0.03232329796
NA18486,,0.0552382493,-0.009618048095,0.009618048095
NA18487,,0.05540069218,-0.009690078597,0.009690078597
NA18489,,0.05597956726,-0.00990820958,0.00990820958
NA18498,,0.0552051138,-0.009597793619,0.009597793619
NA18499,,0.05614784149,-0.01077307197,0.01077307197
NA18501,,0.05548866595,-0.01004183987,0.01004183987
NA18502,,0.05623961958,-0.009326997872,0.009326997872
NA18504,,0.05590719404,-0.009683508297,0.009683508297
NA18505,,0.05741172276,-0.009306608826,0.009306608826
NA18507,,0.05555709723,-0.01031098253,0.01031098253
NA18508,,0.0565981753,-0.01039197285,0.01039197285
NA18510,,0.05551925791,-0.01016863689,0.01016863689
NA18511,,0.05568715311,-0.01005381689,0.01005381689
NA18516,,0.05596735692,-0.00961475125,0.00961475125
NA18517,,0.05572761293,-0.009876728432,0.009876728432
NA18519,,0.05575325371,-0.009190568296,0.009190568296
NA18520,,0.05603731651,-0.008945200894,0.008945200894
NA18522,,0.05577182663,-0.009296684245,0.009296684245
NA18523,,0.05594218113,-0.009428813503,0.009428813503
NA18525,,-0.02597275316,-0.04460282534,0.04460282534
NA18526,,-0.02600457625,-0.04548543689,0.04548543689
NA18527,,-0.02528002721,-0.04397471869,0.04397471869
NA18528,,-0.02534471361,-0.04371227302,0.04371227302
NA18530,,-0.02589143491,-0.0442575967,0.0442575967
NA18532,,-0.02627392509,-0.04541409109,0.04541409109
NA18534,,-0.02601240947,-0.04491587175,0.04491587175
NA18535,,-0.02606393275,-0.04428817744,0.04428817744
NA18536,,-0.02628254256,-0.04428417001,0.04428417001
NA18537,,-0.02639608242,-0.04472867738,0.04472867738
NA18538,,-0.02623352767,-0.0441982731,0.0441982731
NA18539,,-0.02612395633,-0.04462311372,0.04462311372
NA18541,,-0.02644394293,-0.04422320259,0.04422320259
NA18542,,-0.02599737274,-0.04408880004,0.04408880004
NA18543,,-0.02689533659,-0.0452713164,0.0452713164
NA18544,,-0.02627583319,-0.04370759268,0.04370759268
NA18545,,-0.02613990077,-0.0450990817,0.0450990817
NA18546,,-0.02631566394,-0.0450499518,0.0450499518
NA18547,,-0.02590952009,-0.04414778584,0.04414778584
NA18548,,-0.02654494344,-0.04469332328,0.04469332328
NA18549,,-0.02575828585,-0.04573305008,0.04573305008
NA18550,,-0.02590777811,-0.04435159788,0.04435159788
NA18552,,-0.026804105,-0.0456117446,0.0456117446
NA18553,,-0.02563149435,-0.04433087889,0.04433087889
NA18555,,-0.02653932031,-0.04421100526,0.04421100526
NA18557,,-0.02609088495,-0.04416331223,0.04416331223
NA18558,,-0.0260881551,-0.04412508402,0.04412508402
NA18559,,-0.0264865483,-0.04460349781,0.04460349781
NA18560,,-0.02602255211,-0.04555883266,0.04555883266
NA18561,,-0.02624103158,-0.04276892237,0.04276892237
NA18562,,-0.02613858929,-0.043817343,0.043817343
NA18563,,-0.02640450719,-0.0439323967,0.0439323967
NA18564,,-0.02615781094,-0.04416040667,0.04416040667
NA18565,,-0.02619647425,-0.04587059333,0.04587059333
NA18566,,-0.02658720288,-0.04523928668,0.04523928668
NA18567,,-0.02610509132,-0.0449741996,0.0449741996
NA18570,,-0.02660589724,-0.04580688818,0.04580688818
NA18571,,-0.02579055498,-0.04410003385,0.04410003385
NA18572,,-0.02631368679,-0.04580995069,0.04580995069
NA18573,,-0.0261138663,-0.04529443067,0.04529443067
NA18574,,-0.02659730249,-0.04522458492,0.04522458492
NA18576,,-0.02616994139,-0.04375307336,0.04375307336
NA18577,,-0.02637914712,-0.04524864728,0.04524864728
NA18579,,-0.02592394531,-0.04475495723,0.04475495723
NA18582,,-0.02669919106,-0.04513151762,0.04513151762
NA18592,,-0.02663964361,-0.04428687852,0.04428687852
NA18593,,-0.02621082594,-0.0445582261,0.0445582261
NA18595,,-0.02649089907,-0.04524655521,0.04524655521
NA18596,,-0.0267681991,-0.04582736687,0.04582736687
NA18597,,-0.02610959224,-0.04452458394,0.04452458394
NA18599,,-0.02644572573,-0.04492373423,0.04492373423
NA18602,,-0.02643366132,-0.04511371426,0.04511371426
NA18603,,-0.02658211304,-0.04607825619,0.04607825619
NA18605,,-0.02656693585,-0.04520483334,0.04520483334
NA18606,,-0.02611025391,-0.04465839218,0.04465839218
NA18608,,-0.02663681964,-0.04272217908,0.04272217908
NA18609,,-0.02624535706,-0.04293763876,0.04293763876
NA18610,,-0.02626522796,-0.04455503097,0.04455503097
NA18611,,-0.02601061225,-0.04408051113,0.04408051113
NA18612,,-0.02588165076,-0.04486961909,0.04486961909
NA18613,,-0.02660861389,-0.04398904622,0.04398904622
NA18614,,-0.0265891857,-0.04561156979,0.04561156979
NA18615,,-0.02628806569,-0.0444622246,0.0444622246
NA18616,,-0.02662627755,-0.04541158266,0.04541158266
NA18617,,-0.02621149469,-0.04533109235,0.04533109235
NA18618,,-0.02605055983,-0.04458173447,0.04458173447
NA18619,,-0.02605834296,-0.04377832888,0.04377832888
NA18620,,-0.02622099636,-0.04445234439,0.04445234439
NA18621,,-0.02670583784,-0.04461836199,0.04461836199
NA18622,,-0.02628874011,-0.04478719315,0.04478719315
NA18623,,-0.02641083884,-0.04344490765,0.04344490765
NA18624,,-0.02633055937,-0.04563448782,0.04563448782
NA18626,,-0.02624948102,-0.04320277131,0.04320277131
NA18627,,-0.0264917469,-0.04478370505,0.04478370505
NA18628,,-0.0260210902,-0.04487957741,0.04487957741
NA18630,,-0.02602648007,-0.04478551362,0.04478551362
NA18631,,-0.02657265833,-0.04567852833,0.04567852833
NA18632,,-0.02632368258,-0.04562435668,0.04562435668
NA18633,,-0.02654996646,-0.04595530834,0.04595530834
NA18634,,-0.02586892102,-0.04534173497,0.04534173497
NA18635,,-0.02646214771,-0.04412521086,0.04412521086
NA18636,,-0.02564389357,-0.04579652014,0.04579652014
NA18637,,-0.02592165994,-0.045108495,0.045108495
NA18638,,-0.02561939553,-0.04436996338,0.04436996338
NA18639,,-0.02550707897,-0.04394341772,0.04394341772
NA18640,,-0.02598950951,-0.04397041461,0.04397041461
NA18641,,-0.02583436832,-0.04533411904,0.04533411904
NA18642,,-0.02508594041,-0.04190206597,0.04190206597
NA18643,,-0.02572157728,-0.04396950476,0.04396950476
NA18645,,-0.02561318789,-0.04494848171,0.04494848171
NA18647,,-0.02551487577,-0.04221317637,0.04221317637
NA18740,,-0.0253594319,-0.0444350446,0.0444350446
NA18745,,-0.02626798834,-0.04441064111,0.04441064111
NA18747,,-0.02596568306,-0.04371722708,0.04371722708
NA18748,,-0.02562030819,-0.04451124263,0.04451124263
NA18749,,-0.02579334544,-0.04347161088,0.04347161088
NA18757,,-0.0262455243,-0.0443717597,0.0443717597
NA18853,,0.05581449806,-0.01000978303,0.01000978303
NA18856,,0.0555768192,-0.009436438385,0.009436438385
NA18858,,0.05645919642,-0.009482030279,0.009482030279
NA18861,,0.05605893886,-0.01025229689,0.01025229689
NA18867,,0.05683222701,-0.01020315645,0.01020315645
NA18868,,0.05565263265,-0.009801582909,0.009801582909
NA18870,,0.05680927734,-0.00972717891,0.00972717891
NA18871,,0.05631032022,-0.009970708063,0.009970708063
NA18873,,0.05635645622,-0.009819552872,0.009819552872
NA18874,,0.05545750015,-0.009725716911,0.009725716911
NA18907,,0.05672437242,-0.01003330187,0.01003330187
NA18908,,0.05617978087,-0.009802796032,0.009802796032
NA18909,,0.05625471917,-0.01065147249,0.01065147249
NA18910,,0.05497758026,-0.009314855809,0.009314855809
NA18912,,0.05634307904,-0.009877122737,0.009877122737
NA18916,,0.05657182265,-0.009334713893,0.009334713893
NA18917,,0.05580658281,-0.009194866808,0.009194866808
NA18923,,0.05581149199,-0.00933559026,0.00933559026
NA18924,,0.05588709253,-0.009894544592,0.009894544592
NA18933,,0.05715182238,-0.01035344924,0.01035344924
NA18934,,0.05557903722,-0.009224954208,0.009224954208
NA18939,,-0.02590628091,-0.04429882758,0.04429882758
NA18940,,-0.02575714099,-0.04473596269,0.04473596269
NA18941,,-0.02606056276,-0.04525222294,0.04525222294
NA18942,,-0.02604678747,-0.04534587983,0.04534587983
NA18943,,-0.0264929945,-0.04520418011,0.04520418011
NA18944,,-0.02631185992,-0.04384963666,0.04384963666
NA18945,,-0.02608609186,-0.04401948678,0.04401948678
NA18946,,-0.02539702309,-0.04397746396,0.04397746396
NA18947,,-0.0258738618,-0.04463342568,0.04463342568
NA18948,,-0.02580266647,-0.04427809919,0.04427809919
NA18949,,-0.02651979677,-0.04397652399,0.04397652399
NA18950,,-0.02659238544,-0.04549718101,0.04549718101
NA18951,,-0.02597593584,-0.04577109785,0.04577109785
NA18952,,-0.02631969781,-0.04395439411,0.04395439411
NA18953,,-0.0266343923,-0.04410700177,0.04410700177
NA18954,,-0.02573502703,-0.04394843472,0.04394843472
NA18956,,-0.02576212921,-0.04504741731,0.04504741731
NA18957,,-0.025512184,-0.04368403967,0.04368403967
NA18959,,-0.0260439174,-0.04400830354,0.04400830354
NA18960,,-0.02580281729,-0.04462862049,0.04462862049
NA18961,,-0.0264307079,-0.04426620789,0.04426620789
NA18962,,-0.02580715771,-0.04388171911,0.04388171911
NA18963,,-0.0260587692,-0.04555852093,0.04555852093
NA18964,,-0.02581307367,-0.04477274228,0.04477274228
NA18965,,-0.02648992085,-0.04461490969,0.04461490969
NA18966,,-0.02554681074,-0.04333982604,0.04333982604
NA18968,,-0.02579885885,-0.04522169961,0.04522169961
NA18971,,-0.02652320036,-0.04474657364,0.04474657364
NA18973,,-0.02650638698,-0.04406576954,0.04406576954
NA18974,,-0.02602661,-0.04439920596,0.04439920596
NA18975,,-0.02598790509,-0.04464637503,0.04464637503
NA18976,,-0.0260743616,-0.04548566446,0.04548566446
NA18977,,-0.02614015644,-0.04405239846,0.04405239846
NA18978,,-0.02541943899,-0.04362545029,0.04362545029
NA18980,,-0.02663362189,-0.04439928776,0.04439928776
NA18981,,-0.02612045388,-0.0439932389,0.0439932389
NA18982,,-0.02600664861,-0.04371179549,0.04371179549
NA18983,,-0.02659912857,-0.04423867297,0.04423867297
NA18984,,-0.02565295529,-0.04373807121,0.04373807121
NA18985,,-0.02626081753,-0.04454377439,0.04454377439
NA18986,,-0.02573231123,-0.04467299647,0.04467299647
NA18987,,-0.02637506051,-0.04287328707,0.04287328707
NA18988,,-0.02548969001,-0.04485574379,0.04485574379
NA18989,,-0.02609841951,-0.04472685231,0.04472685231
NA18990,,-0.02566546093,-0.04542594483,0.04542594483
NA18992,,-0.02596342565,-0.04277216363,0.04277216363
NA18994,,-0.02574437928,-0.04477806454,0.04477806454
NA18995,,-0.02576217447,-0.04345440967,0.04345440967
NA18998,,-0.02541243188,-0.04448880063,0.04448880063
NA18999,,-0.02601133176,-0.0449267121,0.0449267121
NA19000,,-0.02652742625,-0.04569596782,0.04569596782
NA19002,,-0.02625843078,-0.04458487466,0.04458487466
NA19003,,-0.02622315491,-0.04530773763,0.04530773763
NA19004,,-0.02614507626,-0.04470268678,0.04470268678
NA19005,,-0.02597014516,-0.04525685839,0.04525685839
NA19007,,-0.02674153098,-0.04476131536,0.04476131536
NA19009,,-0.02623744657,-0.04417758918,0.04417758918
NA19010,,-0.02646925159,-0.04515251089,0.04515251089
NA19012,,-0.0255503094,-0.04395129079,0.04395129079
NA19020,,0.05105260419,-0.007386889217,0.007386889217
NA19028,,0.05077194335,-0.008087737331,0.008087737331
NA19035,,0.05137423094,-0.007919807451,0.007919807451
NA19036,,0.05303827139,-0.008446066576,0.008446066576
NA19038,,0.05282441039,-0.008637583358,0.008637583358
NA19041,,0.05129859201,-0.008616757562,0.008616757562
NA19044,,0.05141561259,-0.007738628188,0.007738628188
NA19046,,0.0521433149,-0.009150126108,0.009150126108
NA19054,,-0.02635796077,-0.04487548052,0.04487548052
NA19055,,-0.02618495609,-0.04504935133,0.04504935133
NA19056,,-0.02588506675,-0.04375174924,0.04375174924
NA19057,,-0.02654598674,-0.04371574384,0.04371574384
NA19058,,-0.02621453536,-0.04430732936,0.04430732936
NA19059,,-0.02636471394,-0.0441462252,0.0441462252
NA19060,,-0.02606306776,-0.04389970862,0.04389970862
NA19062,,-0.02598688178,-0.04424422363,0.04424422363
NA19063,,-0.02630806522,-0.04512043331,0.04512043331
NA19064,,-0.02627688964,-0.04561562859,0.04561562859
NA19065,,-0.0260712896,-0.04434686216,0.04434686216
NA19066,,-0.02582537797,-0.04461252837,0.04461252837
NA19067,,-0.02644038989,-0.04526751237,0.04526751237
NA19068,,-0.02691173909,-0.04500140742,0.04500140742
NA19070,,-0.02638899516,-0.04423464362,0.04423464362
NA19072,,-0.02568543036,-0.04454425229,0.04454425229
NA19074,,-0.02651447262,-0.0449511358,0.0449511358
NA19075,,-0.02680431908,-0.04429441399,0.04429441399
NA19076,,-0.02685029404,-0.04368208981,0.04368208981
NA19077,,-0.02614350416,-0.04541338842,0.04541338842
NA19078,,-0.02612290706,-0.04476651432,0.04476651432
NA19079,,-0.02575990375,-0.04527780971,0.04527780971
NA19080,,-0.02587659203,-0.04534808304,0.04534808304
NA19081,,-0.02653346235,-0.04460160539,0.04460160539
NA19082,,-0.02593818916,-0.0449955715,0.0449955715
NA19083,,-0.02588920102,-0.04419828127,0.04419828127
NA19084,,-0.0264640755,-0.04542386812,0.04542386812
NA19085,,-0.02637118686,-0.04436760249,0.04436760249
NA19087,,-0.02661211696,-0.04456452786,0.04456452786
NA19088,,-0.02636402465,-0.04417469485,0.04417469485
NA19093,,0.05592586342,-0.01008753763,0.01008753763
NA19095,,0.05633274074,-0.01000746993,0.01000746993
NA19096,,0.05537280808,-0.009235384505,0.009235384505
NA19098,,0.05531241767,-0.009776435248,0.009776435248
NA19099,,0.05621120073,-0.009937033583,0.009937033583
NA19102,,0.05668913119,-0.009897692006,0.009897692006
NA19107,,0.05526173651,-0.009256141547,0.009256141547
NA19108,,0.05610506615,-0.009976078823,0.009976078823
NA19113,,0.05466928385,-0.010001665,0.010001665
NA19114,,0.05659615675,-0.009443580126,0.009443580126
NA19116,,0.05655153609,-0.00957024084,0.00957024084
NA19117,,0.05487215679,-0.009908280505,0.009908280505
NA19118,,0.05430464222,-0.009051243301,0.009051243301
NA19119,,0.05554448234,-0.01021886905,0.01021886905
NA19121,,0.05484690121,-0.009702885163,0.009702885163
NA19129,,0.0553762886,-0.009592140669,0.009592140669
NA19130,,0.05549069419,-0.01011160182,0.01011160182
NA19131,,0.05658318436,-0.01028600026,0.01028600026
NA19137,,0.05597613031,-0.009153459925,0.009153459925
NA19138,,0.0554160702,-0.009205324601,0.009205324601
NA19146,,0.05523385607,-0.009806791599,0.009806791599
NA19147,,0.05662035919,-0.009884514875,0.009884514875
NA19149,,0.05660648814,-0.009716619763,0.009716619763
NA19150,,0.05469296597,-0.009947612001,0.009947612001
NA19152,,0.05555195275,-0.01049954726,0.01049954726
NA19160,,0.0555037653,-0.009480371487,0.009480371487
NA19171,,0.05467359376,-0.009478299015,0.009478299015
NA19172,,0.05633241941,-0.009861644702,0.009861644702
NA19175,,0.05526271643,-0.009428064061,0.009428064061
NA19185,,0.05643009574,-0.009524206259,0.009524206259
NA19189,,0.05509364775,-0.009275691626,0.009275691626
NA19190,,0.05635568831,-0.0100568144,0.0100568144
NA19197,,0.05609052449,-0.01025793851,0.01025793851
NA19198,,0.05590733916,-0.009341843835,0.009341843835
NA19200,,0.05540849843,-0.009841840112,0.009841840112
NA19204,,0.05525068187,-0.009986954103,0.009986954103
NA19207,,0.05556818919,-0.01027430176,0.01027430176
NA19209,,0.05626192187,-0.01048235202,0.01048235202
NA19213,,0.05604624346,-0.009915125659,0.009915125659
NA19222,,0.05601842858,-0.0102040159,0.0102040159
NA19223,,0.0554790709,-0.01015981995,0.01015981995
NA19225,,0.05619743098,-0.01029464455,0.01029464455
NA19235,,0.05689779008,-0.009032482589,0.009032482589
NA19236,,0.05641679981,-0.009757579366,0.009757579366
NA19247,,0.0560663377,-0.01012185147,0.01012185147
NA19248,,0.05599589025,-0.009273402632,0.009273402632
NA19256,,0.05557295238,-0.01036988271,0.01036988271
NA19257,,0.05592798828,-0.009576856568,0.009576856568
NA19307,,0.05167868304,-0.008234291391,0.008234291391
NA19308,,0.05205056284,-0.008350455523,0.008350455523
NA19309,,0.05201889388,-0.00815892898,0.00815892898
NA19310,,0.05303927543,-0.009523584995,0.009523584995
NA19311,,0.04989168232,-0.008132148532,0.008132148532
NA19312,,0.05280625313,-0.008327645908,0.008327645908
NA19313,,0.05307025098,-0.009085182004,0.009085182004
NA19315,,0.0517017552,-0.008006938123,0.008006938123
NA19316,,0.05261422231,-0.008593685978,0.008593685978
NA19317,,0.05317117912,-0.008761113741,0.008761113741
NA19318,,0.05258122362,-0.008890171899,0.008890171899
NA19319,,0.05243294623,-0.008792778451,0.008792778451
NA19321,,0.05332610615,-0.009039747112,0.009039747112
NA19324,,0.05300143176,-0.00862394821,0.00862394821
NA19327,,0.05076041996,-0.007721708076,0.007721708076
NA19328,,0.05291793857,-0.008697935254,0.008697935254
NA19331,,0.05284586839,-0.008900558345,0.008900558345
NA19332,,0.05134212299,-0.008623411487,0.008623411487
NA19334,,0.05236899357,-0.008839351172,0.008839351172
NA19338,,0.05207031459,-0.008197450178,0.008197450178
NA19346,,0.05261903483,-0.008389398448,0.008389398448
NA19347,,0.05245967964,-0.008728172034,0.008728172034
NA19350,,0.05196506116,-0.008479006985,0.008479006985
NA19351,,0.05305594565,-0.008582868773,0.008582868773
NA19352,,0.05288706852,-0.008755525332,0.008755525332
NA19355,,0.05231895266,-0.00804523854,0.00804523854
NA19359,,0.05302902746,-0.009140054521,0.009140054521
NA19360,,0.05237257248,-0.008758947767,0.008758947767
NA19371,,0.05158194645,-0.008952072408,0.008952072408
NA19372,,0.05280800028,-0.00849916858,0.00849916858
NA19373,,0.05284738919,-0.008892086618,0.008892086618
NA19374,,0.05221034565,-0.008924357531,0.008924357531
NA19375,,0.05187141648,-0.00825561393,0.00825561393
NA19376,,0.05413363998,-0.009155625017,0.009155625017
NA19377,,0.05368173249,-0.008266833145,0.008266833145
NA19379,,0.05383245716,-0.008620800305,0.008620800305
NA19380,,0.05121474054,-0.0083335715,0.0083335715
NA19381,,0.05182128518,-0.00843667416,0.00843667416
NA19382,,0.05098821708,-0.008860940941,0.008860940941
NA19383,,0.05134295979,-0.008408899537,0.008408899537
NA19384,,0.05402129233,-0.008728581361,0.008728581361
NA19385,,0.05119113016,-0.007762652417,0.007762652417
NA19390,,0.05240971228,-0.008572230481,0.008572230481
NA19391,,0.05462325073,-0.009011404819,0.009011404819
NA19393,,0.05201523354,-0.008737489381,0.008737489381
NA19394,,0.05244937622,-0.008276510802,0.008276510802
NA19395,,0.05150391055,-0.008464236726,0.008464236726
NA19396,,0.05404885651,-0.009510406045,0.009510406045
NA19397,,0.05284532971,-0.008403924832,0.008403924832
NA19398,,0.05312349443,-0.009063652827,0.009063652827
NA19399,,0.0544236471,-0.008900893457,0.008900893457
NA19401,,0.05164191355,-0.008538664372,0.008538664372
NA19403,,0.05124758281,-0.007783370815,0.007783370815
NA19404,,0.05366807835,-0.0091980583,0.0091980583
NA19428,,0.05220032378,-0.007930558821,0.007930558821
NA19429,,0.05228207813,-0.00895344913,0.00895344913
NA19430,,0.0530105001,-0.008541148635,0.008541148635
NA19431,,0.05418254468,-0.009799744306,0.009799744306
NA19434,,0.0526461304,-0.00889133058,0.00889133058
NA19435,,0.05186415155,-0.008363299115,0.008363299115
NA19436,,0.05334131188,-0.008896953726,0.008896953726
NA19437,,0.05083090732,-0.008247057827,0.008247057827
NA19438,,0.05355054029,-0.009713659245,0.009713659245
NA19439,,0.05316993373,-0.00900986653,0.00900986653
NA19440,,0.05268241939,-0.00852127649,0.00852127649
NA19443,,0.05210992993,-0.008454033496,0.008454033496
NA19444,,0.05147077855,-0.008517558445,0.008517558445
NA19445,,0.05328408118,-0.009271677503,0.009271677503
NA19446,,0.05385678096,-0.008299761129,0.008299761129
NA19448,,0.05127104749,-0.007982207221,0.007982207221
NA19449,,0.05291560968,-0.00915999934,0.00915999934
NA19451,,0.05258316551,-0.008930248547,0.008930248547
NA19452,,0.05112073804,-0.008032117759,0.008032117759
NA19453,,0.05208504404,-0.009026851569,0.009026851569
NA19455,,0.0516669467,-0.008303493889,0.008303493889
NA19456,,0.05296486773,-0.009657176662,0.009657176662
NA19457,,0.0522964961,-0.008245719782,0.008245719782
NA19461,,0.05207506222,-0.007604191972,0.007604191972
NA19462,,0.05436677073,-0.009337749524,0.009337749524
NA19463,,0.05159648828,-0.008169120276,0.008169120276
NA19466,,0.05117478825,-0.007577189593,0.007577189593
NA19467,,0.05187085343,-0.008846692286,0.008846692286
NA19468,,0.05282566526,-0.008841060754,0.008841060754
NA19469,,0.05323244937,-0.009138660531,0.009138660531
NA19470,,0.05379063107,-0.009572552976,0.009572552976
NA19471,,0.05169670779,-0.008291002202,0.008291002202
NA19472,,0.05182082984,-0.008247157072,0.008247157072
NA19473,,0.05234300842,-0.008338463064,0.008338463064
NA19474,,0.05212664876,-0.008297932123,0.008297932123
NA19625,,0.02855958117,-0.007778684936,0.007778684936
NA19648,,-0.01632062762,0.02927288298,-0.02927288298
NA19651,,-0.01531883472,0.01636555964,-0.01636555964
NA19652,,-0.01648505936,0.01681144522,-0.01681144522
NA19654,,-0.0166998455,7.32E-04,-7.32E-04
NA19655,,-0.01647201742,0.01374194136,-0.01374194136
NA19657,,-0.01755984631,-8.16E-04,8.16E-04
NA19660,,-0.01855007238,0.005587681024,-0.005587681024
NA19661,,-0.0175248537,0.004827154968,-0.004827154968
NA19663,,-0.01701152982,-0.001873110135,0.001873110135
NA19664,,-0.01728684294,0.00114091423,-0.00114091423
NA19672,,-0.01763995268,0.005165041349,-0.005165041349
NA19675,,-0.0146316903,0.02490685312,-0.02490685312
NA19676,,-0.01615324973,0.01500932977,-0.01500932977
NA19678,,-0.01305422543,0.01880642612,-0.01880642612
NA19679,,-0.01508112039,0.02825741553,-0.02825741553
NA19681,,-0.01722859516,-7.14E-04,7.14E-04
NA19682,,-0.01929028413,0.005710158066,-0.005710158066
NA19684,,-0.01936191573,0.01578081784,-0.01578081784
NA19685,,-0.01762870009,0.006390398309,-0.006390398309
NA19700,,0.04280706164,-0.002216796164,0.002216796164
NA19701,,0.04465124479,-0.004771678106,0.004771678106
NA19703,,0.04454188036,-0.003593063382,0.003593063382
NA19704,,0.0448643094,-0.002977768924,0.002977768924
NA19707,,0.03454345159,0.001510725327,-0.001510725327
NA19711,,0.04627583856,-0.004667707837,0.004667707837
NA19712,,0.04708822296,-0.005839695741,0.005839695741
NA19713,,0.03766015005,0.001450798736,-0.001450798736
NA19716,,-0.01776731687,7.20E-04,-7.20E-04
NA19717,,-0.01915534407,-3.08E-05,3.08E-05
NA19719,,-0.01600185269,0.0078427757,-0.0078427757
NA19720,,-0.01890684236,-0.003278570501,0.003278570501
NA19722,,-0.01753391959,0.005191863564,-0.005191863564
NA19723,,-0.01438344605,0.003270678026,-0.003270678026
NA19725,,-0.01707713476,0.0123876642,-0.0123876642
NA19726,,-0.02070480622,-5.18E-04,5.18E-04
NA19728,,-0.02384446036,-0.01541594614,0.01541594614
NA19729,,-0.02287776256,-0.01460721843,0.01460721843
NA19731,,-0.02381207256,-0.01730535249,0.01730535249
NA19732,,-0.02395962542,-0.01606599693,0.01606599693
NA19734,,-0.02033248038,-7.73E-04,7.73E-04
NA19735,,-0.02146362183,-0.0125068715,0.0125068715
NA19737,,-0.01678013192,0.009877747354,-0.009877747354
NA19738,,-0.01842921095,0.009442101603,-0.009442101603
NA19740,,-0.01976755536,-0.008960951454,0.008960951454
NA19741,,-0.02216354044,-0.01138836,0.01138836
NA19746,,-0.01876590643,-0.005071403979,0.005071403979
NA19747,,-0.01915773145,0.002263004292,-0.002263004292
NA19749,,-0.01795849255,0.007003954982,-0.007003954982
NA19750,,-0.01742559825,0.01541092357,-0.01541092357
NA19752,,-0.01885783616,0.003292233468,-0.003292233468
NA19753,,-0.01826584931,0.001037849675,-0.001037849675
NA19755,,-0.01815661519,-0.005544680239,0.005544680239
NA19756,,-0.01594285935,0.0032369085,-0.0032369085
NA19758,,-0.02107538662,-0.008105416868,0.008105416868
NA19759,,-0.02033587163,-0.007212431214,0.007212431214
NA19761,,-0.0174966694,1.28E-04,-1.28E-04
NA19762,,-0.01702381969,-0.002690785374,0.002690785374
NA19764,,-0.01595588724,0.008076259607,-0.008076259607
NA19770,,-0.01572257052,0.008810790064,-0.008810790064
NA19771,,-0.01718551422,0.003353876164,-0.003353876164
NA19773,,-0.01829014648,0.01000302205,-0.01000302205
NA19774,,-0.01705147234,0.004801127911,-0.004801127911
NA19776,,-0.01364058251,0.005437291803,-0.005437291803
NA19777,,-0.01462490382,0.004941911917,-0.004941911917
NA19779,,-0.01683222219,0.01448528694,-0.01448528694
NA19780,,-0.01739385487,0.01235147534,-0.01235147534
NA19782,,-0.01613557191,0.005191017401,-0.005191017401
NA19783,,-0.0214382567,-0.006377137968,0.006377137968
NA19785,,-0.01842542503,-0.005442589812,0.005442589812
NA19786,,-0.01875622384,-3.53E-04,3.53E-04
NA19788,,-0.01879790025,-0.003918363302,0.003918363302
NA19789,,-0.01584484568,0.004785327811,-0.004785327811
NA19794,,-0.01651550343,0.01414571666,-0.01414571666
NA19795,,-0.01565701793,0.004902682897,-0.004902682897
NA19818,,0.03587900663,8.67E-04,-8.67E-04
NA19819,,0.0371950351,8.20E-04,-8.20E-04
NA19834,,0.03641460109,0.001400638108,-0.001400638108
NA19835,,0.04344314155,-0.003570342222,0.003570342222
NA19900,,0.04229297714,-0.002735256151,0.002735256151
NA19901,,0.04917747973,-0.005893496575,0.005893496575
NA19904,,0.04216260715,-0.002607144598,0.002607144598
NA19908,,0.04684891077,-0.005378436979,0.005378436979
NA19909,,0.04650541208,-0.005295586598,0.005295586598
NA19914,,0.03481084802,0.002325453366,-0.002325453366
NA19916,,0.04685323419,-0.005589134378,0.005589134378
NA19917,,0.04917965473,-0.005532574602,0.005532574602
NA19920,,0.04851467635,-0.00593672203,0.00593672203
NA19921,,0.02637627937,0.001518995722,-0.001518995722
NA19922,,0.0337348183,0.00160280923,-0.00160280923
NA19923,,0.02688905428,0.00650151882,-0.00650151882
NA19982,,0.04606803824,-0.004747308345,0.004747308345
NA19984,,0.04549702484,-0.004304649939,0.004304649939
NA19985,,0.03639317008,0.002455132251,-0.002455132251
NA20126,,0.03348800286,0.001629530615,-0.001629530615
NA20127,,0.04849917308,-0.005184123426,0.005184123426
NA20276,,0.04286069927,-0.001725456033,0.001725456033
NA20278,,0.02034543157,0.01144127983,-0.01144127983
NA20281,,0.04302498237,-0.003674304144,0.003674304144
NA20282,,0.03651601184,6.89E-04,-6.89E-04
NA20287,,0.04299133495,-0.002828697599,0.002828697599
NA20289,,0.0410576279,-7.70E-04,7.70E-04
NA20291,,0.05336869114,-0.008343241228,0.008343241228
NA20294,,0.04533041168,-0.004099832939,0.004099832939
NA20296,,0.03869258777,-0.001634780898,0.001634780898
NA20298,,0.04806229534,-0.007750016627,0.007750016627
NA20299,,0.01124824907,-0.009762298074,0.009762298074
NA20314,,-0.02202904469,-0.002577175166,0.002577175166
NA20317,,0.03488422671,0.002605547387,-0.002605547387
NA20322,,0.0387708543,-4.34E-04,4.34E-04
NA20332,,0.03989910156,-6.49E-04,6.49E-04
NA20334,,0.03141931615,0.00462506485,-0.00462506485
NA20336,,0.02995193468,0.004567780837,-0.004567780837
NA20339,,0.0455336853,-0.005724868907,0.005724868907
NA20340,,0.04410324716,-0.004034124646,0.004034124646
NA20341,,0.04153553078,-0.001120951741,0.001120951741
NA20342,,0.02698790673,0.005695751187,-0.005695751187
NA20344,,0.03884717241,-4.21E-04,4.21E-04
NA20346,,0.04236869745,-0.004436608445,0.004436608445
NA20348,,0.04153049983,-0.003844592341,0.003844592341
NA20351,,0.03140272805,0.002893346012,-0.002893346012
NA20356,,0.04500494903,-0.003964002791,0.003964002791
NA20357,,0.04805405411,-0.006183269093,0.006183269093
NA20359,,0.03752706074,1.91E-04,-1.91E-04
NA20363,,0.03448799292,0.002670892265,-0.002670892265
NA20412,,0.03867686634,-0.00210294595,0.00210294595
NA20414,,0.002551132306,-0.004441983164,0.004441983164
NA20502,,-0.01653377951,0.03113289156,-0.03113289156
NA20503,,-0.01711585069,0.03192914599,-0.03192914599
NA20504,,-0.01685500873,0.03005690952,-0.03005690952
NA20505,,-0.01643734123,0.03209843375,-0.03209843375
NA20506,,-0.0171505586,0.03102643976,-0.03102643976
NA20507,,-0.01690293244,0.03121161292,-0.03121161292
NA20508,,-0.01683203023,0.0313835228,-0.0313835228
NA20509,,-0.01637429102,0.03140060642,-0.03140060642
NA20510,,-0.01674510685,0.03114304153,-0.03114304153
NA20512,,-0.01735264324,0.03148747513,-0.03148747513
NA20513,,-0.01731171406,0.03028587729,-0.03028587729
NA20515,,-0.0165917835,0.03090361622,-0.03090361622
NA20516,,-0.01755333641,0.03059806684,-0.03059806684
NA20517,,-0.01710384591,0.03166132729,-0.03166132729
NA20518,,-0.01691077289,0.03140264403,-0.03140264403
NA20519,,-0.01650061945,0.03109894564,-0.03109894564
NA20520,,-0.0166618141,0.0310090739,-0.0310090739
NA20521,,-0.01671819524,0.03258369378,-0.03258369378
NA20522,,-0.01705015799,0.03147990248,-0.03147990248
NA20524,,-0.01714211481,0.03108690582,-0.03108690582
NA20525,,-0.01686395498,0.03116196426,-0.03116196426
NA20527,,-0.01689025527,0.03156768573,-0.03156768573
NA20528,,-0.01732130125,0.03058637256,-0.03058637256
NA20529,,-0.01647688505,0.0310139071,-0.0310139071
NA20530,,-0.01689817467,0.031492945,-0.031492945
NA20531,,-0.0168025833,0.03086541116,-0.03086541116
NA20532,,-0.01709974732,0.03137269405,-0.03137269405
NA20533,,-0.01662543535,0.03222340928,-0.03222340928
NA20534,,-0.01612054097,0.03150456784,-0.03150456784
NA20535,,-0.01702596104,0.0320861376,-0.0320861376
NA20536,,-0.01657014194,0.03118998128,-0.03118998128
NA20537,,-0.0161531579,0.03268868453,-0.03268868453
NA20538,,-0.01608442534,0.03113083217,-0.03113083217
NA20539,,-0.01663074192,0.03162126208,-0.03162126208
NA20540,,-0.01717809605,0.03227955736,-0.03227955736
NA20541,,-0.01653834258,0.0317398335,-0.0317398335
NA20542,,-0.01696875109,0.03091439594,-0.03091439594
NA20543,,-0.01645818536,0.03139815983,-0.03139815983
NA20544,,-0.01697292034,0.03072540659,-0.03072540659
NA20581,,-0.01701939726,0.03161049332,-0.03161049332
NA20582,,-0.01675386569,0.03155467762,-0.03155467762
NA20585,,-0.01670374778,0.03078034762,-0.03078034762
NA20586,,-0.01643859128,0.03224346936,-0.03224346936
NA20588,,-0.01645776466,0.03117436062,-0.03117436062
NA20589,,-0.0162975679,0.03151144288,-0.03151144288
NA20752,,-0.01697114891,0.03109584146,-0.03109584146
NA20753,,-0.01689798013,0.0310253161,-0.0310253161
NA20754,,-0.01675073036,0.03086698796,-0.03086698796
NA20755,,-0.01688470399,0.03192367505,-0.03192367505
NA20756,,-0.01662210164,0.03120543515,-0.03120543515
NA20757,,-0.01667468779,0.03117832475,-0.03117832475
NA20758,,-0.01670689753,0.03154312631,-0.03154312631
NA20759,,-0.01702677129,0.03166502951,-0.03166502951
NA20760,,-0.01745683278,0.0317614816,-0.0317614816
NA20761,,-0.01706307929,0.03149704593,-0.03149704593
NA20765,,-0.01657880261,0.03174546611,-0.03174546611
NA20766,,-0.01631626109,0.03098045395,-0.03098045395
NA20768,,-0.0170404382,0.03160497255,-0.03160497255
NA20769,,-0.01680307839,0.03293934803,-0.03293934803
NA20770,,-0.01696751173,0.03075037929,-0.03075037929
NA20771,,-0.01674430985,0.03243899223,-0.03243899223
NA20772,,-0.01655229043,0.03123872557,-0.03123872557
NA20773,,-0.01717057778,0.03122535264,-0.03122535264
NA20774,,-0.01700423664,0.03241342791,-0.03241342791
NA20775,,-0.01673894668,0.03119880595,-0.03119880595
NA20778,,-0.01703331215,0.03134743567,-0.03134743567
NA20783,,-0.01653315362,0.03140529386,-0.03140529386
NA20785,,-0.01683072605,0.03071705472,-0.03071705472
NA20786,,-0.01647936405,0.0316007681,-0.0316007681
NA20787,,-0.01602368215,0.03106137639,-0.03106137639
NA20790,,-0.01658436904,0.03245248797,-0.03245248797
NA20792,,-0.01709381865,0.03089539884,-0.03089539884
NA20795,,-0.01652498952,0.03180349459,-0.03180349459
NA20796,,-0.01661258042,0.03118782518,-0.03118782518
NA20797,,-0.0164871874,0.03131738984,-0.03131738984
NA20798,,-0.01728476546,0.03106176435,-0.03106176435
NA20799,,-0.01674203212,0.03203064187,-0.03203064187
NA20800,,-0.01679142662,0.03213525684,-0.03213525684
NA20801,,-0.01722448056,0.03217231715,-0.03217231715
NA20802,,-0.0167434749,0.03199042801,-0.03199042801
NA20803,,-0.01692769636,0.03214679012,-0.03214679012
NA20804,,-0.01676751062,0.03112153599,-0.03112153599
NA20805,,-0.01709463472,0.03205421165,-0.03205421165
NA20806,,-0.01642481433,0.03193565714,-0.03193565714
NA20807,,-0.01700750184,0.03215974992,-0.03215974992
NA20808,,-0.01675087523,0.03175954261,-0.03175954261
NA20809,,-0.01695488772,0.03145283725,-0.03145283725
NA20810,,-0.01657569093,0.03163045078,-0.03163045078
NA20811,,-0.01623107006,0.03266367139,-0.03266367139
NA20812,,-0.01753823994,0.0313277658,-0.0313277658
NA20813,,-0.01686224352,0.03196937471,-0.03196937471
NA20814,,-0.01671507372,0.03085165842,-0.03085165842
NA20815,,-0.01646749297,0.03175948129,-0.03175948129
NA20816,,-0.01700559563,0.03090136327,-0.03090136327
NA20818,,-0.01756609673,0.0316705634,-0.0316705634
NA20819,,-0.0172284215,0.03018383165,-0.03018383165
NA20826,,-0.01637302803,0.03226443484,-0.03226443484
NA20828,,-0.01635327387,0.03174133667,-0.03174133667