 HG00096	foobar	-4.81126	-0.374985	0
 HG00097	foobar	5.8501	-1.60891	0
 HG00099	foobar	-4.93159	-0.41512	0
 HG00100	foobar	-5.12244	-0.454014	0
 HG00101	foobar	5.92263	-1.51782	0
 HG00102	foobar	-5.48633	-0.468132	0
 HG00103	foobar	5.94227	-1.62003	0
 HG00104	foobar	-4.88901	-0.903254	0
 HG00106	foobar	-5.23173	-0.412702	0
 HG00108	foobar	-5.24285	-0.304091	0
 HG00109	foobar	5.94022	-1.61574	0
 HG00110	foobar	5.92243	-1.51057	0
 HG00111	foobar	5.86321	-1.64756	0
 HG00112	foobar	-5.31146	-0.494796	0
 HG00113	foobar	5.94786	-1.48167	0
 HG00114	foobar	-5.55358	-0.478511	0
 HG00116	foobar	5.9304	-1.38768	0
 HG00117	foobar	5.86933	-1.65111	0
 HG00118	foobar	-5.44204	-0.522568	0
 HG00119	foobar	-5.5086	-0.404671	0
 HG00120	foobar	5.94523	-1.61634	0
 HG00121	foobar	-5.12016	-0.112157	0
 HG00122	foobar	5.93358	-1.57879	0
 HG00123	foobar	5.88359	-1.59338	0
 HG00124	foobar	-5.36869	-0.421162	0
 HG00125	foobar	-5.5317	-0.434099	0
 HG00126	foobar	5.80993	-1.64986	0
 HG00127	foobar	-5.10223	-0.244534	0
 HG00128	foobar	-5.2791	-0.487642	0
 HG00129	foobar	5.85802	-1.61936	0
 HG00130	foobar	5.93776	-1.59249	0
 HG00131	foobar	5.95363	-1.68115	0
 HG00133	foobar	5.90037	-1.71551	0
 HG00134	foobar	5.86963	-1.69921	0
 HG00135	foobar	-5.21414	-0.547639	0
 HG00136	foobar	-5.36429	-0.413412	0
 HG00137	foobar	-5.57188	-0.47345	0
 HG00138	foobar	5.94079	-1.6148	0
 HG00139	foobar	5.87208	-1.74869	0
 HG00140	foobar	5.96274	-1.50574	0
 HG00141	foobar	5.92336	-1.51851	0
 HG00142	foobar	-5.47411	-0.529152	0
 HG00143	foobar	-5.36172	-0.462693	0
 HG00146	foobar	5.86801	-1.67118	0
 HG00148	foobar	5.95745	-1.69894	0
 HG00149	foobar	-5.03262	-0.465021	0
 HG00150	foobar	-5.42751	-0.557897	0
 HG00151	foobar	5.94079	-1.6148	0
 HG00152	foobar	-5.0763	-0.365386	0
 HG00154	foobar	5.93699	-1.59176	0
 HG00155	foobar	-5.26859	-0.505062	0
 HG00156	foobar	-5.32665	-0.415887	0
 HG00158	foobar	-5.0877	-0.128448	0
 HG00159	foobar	5.94227	-1.62003	0
 HG00160	foobar	-5.37433	-0.507039	0
 HG00171	foobar	5.93267	-1.40276	0
 HG00173	foobar	5.95889	-1.70276	0
 HG00174	foobar	5.87938	-1.74149	0
 HG00176	foobar	5.86276	-1.65876	0
 HG00177	foobar	-5.16936	-0.37126	0
 HG00178	foobar	5.95984	-1.34122	0
 HG00179	foobar	-5.23342	-0.562289	0
 HG00180	foobar	-5.21343	-0.517765	0
 HG00182	foobar	-5.37373	-0.226935	0
 HG00183	foobar	-5.51164	-0.454544	0
 HG00185	foobar	-5.32839	-0.528678	0
 HG00186	foobar	5.95097	-1.49112	0
 HG00187	foobar	-5.53151	-0.434027	0
 HG00188	foobar	-5.22779	-0.385444	0
 HG00189	foobar	-5.48359	-0.559181	0
 HG00190	foobar	-5.46176	-0.546793	0
 HG00231	foobar	-5.3095	-0.42104	0
 HG00232	foobar	-5.3289	-0.520649	0
 HG00233	foobar	5.94234	-1.62044	0
 HG00234	foobar	-5.12213	-0.453865	0
 HG00235	foobar	5.85077	-1.6042	0
 HG00236	foobar	-5.47442	-0.530537	0
 HG00237	foobar	-5.36656	-0.419186	0
 HG00238	foobar	-5.31301	-0.520291	0
 HG00239	foobar	-5.56806	-0.444809	0
 HG00240	foobar	5.85984	-1.67358	0
 HG00242	foobar	5.93699	-1.59176	0
 HG00243	foobar	-5.30768	-0.495713	0
 HG00244	foobar	-5.35037	-0.454794	0
 HG00245	foobar	-3.54023	-0.962669	0
 HG00246	foobar	-5.05821	-0.0422622	0
 HG00247	foobar	-5.47234	-0.536003	0
 HG00249	foobar	4.70237	3.78298	0
 HG00250	foobar	-5.54249	-0.483077	0
 HG00251	foobar	5.94461	-1.62463	0
 HG00252	foobar	5.9427	-1.24222	0
 HG00253	foobar	5.8732	-1.69827	0
 HG00254	foobar	5.92461	-1.52088	0
 HG00255	foobar	-5.41675	-0.442145	0
 HG00256	foobar	-5.28101	-0.528288	0
 HG00257	foobar	-5.27246	-0.522911	0
 HG00258	foobar	-5.20381	-0.520944	0
 HG00259	foobar	5.95806	-1.70038	0
 HG00260	foobar	-4.81445	1.67874	0
 HG00261	foobar	5.86717	-1.64918	0
 HG00262	foobar	-5.25083	-0.597303	0
 HG00263	foobar	5.86007	-1.67516	0
 HG00264	foobar	-5.24436	-0.26218	0
 HG00265	foobar	5.95597	-1.69371	0
 HG00266	foobar	5.93267	-1.40276	0
 HG00267	foobar	-5.57814	-0.312026	0
 HG00268	foobar	-5.4305	-0.456579	0
 HG00269	foobar	-5.47372	-0.42033	0
 HG00270	foobar	-5.30039	-0.462211	0
 HG00271	foobar	-5.02016	-0.603058	0
 HG00272	foobar	5.93981	-1.61108	0
 HG00273	foobar	-4.82707	-0.471981	0
 HG00274	foobar	-5.20498	-0.487304	0
 HG00275	foobar	-5.21526	-0.537167	0
 HG00276	foobar	5.94227	-1.62003	0
 HG00277	foobar	-5.29271	-0.499657	0
 HG00278	foobar	-5.04966	-0.0777445	0
 HG00280	foobar	-5.54881	-0.479018	0
 HG00281	foobar	5.93991	-1.6008	0
 HG00282	foobar	5.94227	-1.62003	0
 HG00284	foobar	5.94772	-1.48234	0
 HG00285	foobar	-5.40943	-0.5652	0
 HG00306	foobar	5.89108	-1.38088	0
 HG00309	foobar	-5.18318	-0.445003	0
 HG00310	foobar	5.93699	-1.59176	0
 HG00311	foobar	-5.421	-0.31616	0
 HG00312	foobar	-5.28754	-0.55535	0
 HG00313	foobar	5.82766	-1.64926	0
 HG00315	foobar	-5.48433	-0.425172	0
 HG00318	foobar	-4.90068	-0.231298	0
 HG00319	foobar	5.92882	-1.56576	0
 HG00320	foobar	5.93991	-1.6008	0
 HG00321	foobar	-5.16069	-0.443511	0
 HG00323	foobar	5.86385	-1.65744	0
 HG00324	foobar	-5.56268	-0.479324	0
 HG00325	foobar	-4.93488	-0.238712	0
 HG00326	foobar	-5.43161	-0.456998	0
 HG00327	foobar	5.92404	-1.51663	0
 HG00328	foobar	5.77521	-1.49822	0
 HG00329	foobar	-5.19471	-0.495184	0
 HG00330	foobar	5.88139	-1.61356	0
 HG00331	foobar	5.88139	-1.61356	0
 HG00332	foobar	5.89029	-1.50986	0
 HG00334	foobar	-5.04336	-0.123223	0
 HG00335	foobar	-5.36342	-0.550574	0
 HG00336	foobar	-4.96811	-0.368986	0
 HG00337	foobar	5.97308	-1.5393	0
 HG00338	foobar	5.86275	-1.68263	0
 HG00339	foobar	-5.46606	-0.440186	0
 HG00341	foobar	5.94359	-1.62283	0
 HG00342	foobar	-5.37795	-0.526357	0
 HG00343	foobar	5.95315	-1.68058	0
 HG00344	foobar	5.92181	-1.51285	0
 HG00345	foobar	-5.30726	-0.430204	0
 HG00346	foobar	5.94364	-1.6222	0
 HG00349	foobar	-5.41495	-0.40196	0
 HG00350	foobar	-4.95784	-0.326414	0
 HG00351	foobar	-5.34975	-0.431341	0
 HG00353	foobar	5.89617	-1.45125	0
 HG00355	foobar	5.85979	-1.68011	0
 HG00356	foobar	5.87261	-1.74927	0
 HG00357	foobar	5.93847	-1.59698	0
 HG00358	foobar	5.85436	-1.62197	0
 HG00359	foobar	5.77453	-1.52311	0
 HG00360	foobar	-5.05852	-0.443039	0
 HG00361	foobar	5.76932	-1.46343	0
 HG00362	foobar	-5.43838	-0.520514	0
 HG00364	foobar	-5.02058	-0.509746	0
 HG00366	foobar	-5.48127	-0.538179	0
 HG00367	foobar	-5.46879	-0.510678	0
 HG00369	foobar	5.8531	-1.64674	0
 HG00372	foobar	5.87215	-1.74963	0
 HG00373	foobar	-5.30767	-0.517842	0
 HG00375	foobar	-5.46952	-0.430848	0
 HG00376	foobar	-5.35832	-0.419734	0
 HG00377	foobar	-5.4127	-0.343123	0
 HG00378	foobar	5.89811	-1.71079	0
 HG00381	foobar	5.88038	-1.6089	0
 HG00382	foobar	-5.42522	-0.45057	0
 HG00383	foobar	-4.97998	-0.358465	0
 HG00384	foobar	-5.38258	-0.459836	0
 HG00403	foobar	-5.10443	-0.494692	0
 HG00404	foobar	-5.18043	-0.383561	0
 HG00406	foobar	-4.76068	-0.0951583	0
 HG00407	foobar	-5.19025	-0.335168	0
 HG00418	foobar	5.87807	-1.41998	0
 HG00419	foobar	-5.14739	-0.3448	0
 HG00421	foobar	5.85231	-1.55754	0
 HG00422	foobar	-5.19042	-0.335257	0
 HG00427	foobar	5.92638	-1.52746	0
 HG00428	foobar	5.93163	-1.56124	0
 HG00436	foobar	-5.387	-0.453489	0
 HG00437	foobar	-5.4417	-0.466353	0
 HG00442	foobar	5.72999	-1.3183	0
 HG00443	foobar	5.72472	-1.48375	0
 HG00445	foobar	5.81412	-1.32054	0
 HG00446	foobar	-5.08298	-0.347839	0
 HG00448	foobar	-5.18043	-0.383561	0
 HG00449	foobar	5.93545	-1.57106	0
 HG00451	foobar	-5.46411	-0.385605	0
 HG00452	foobar	-5.14737	-0.351357	0
 HG00457	foobar	-5.21362	-0.397363	0
 HG00458	foobar	-5.38815	-0.434934	0
 HG00463	foobar	-5.26851	-0.431987	0
 HG00464	foobar	-5.42553	-0.434494	0
 HG00472	foobar	-5.41082	-0.439093	0
 HG00473	foobar	-5.27371	-0.377722	0
 HG00475	foobar	5.93183	-1.56165	0
 HG00476	foobar	-5.13742	-0.392582	0
 HG00478	foobar	-5.26562	-0.33218	0
 HG00479	foobar	5.93264	-1.5638	0
 HG00500	foobar	5.86281	-1.60789	0
 HG00501	foobar	5.8374	-1.52876	0
 HG00512	foobar	5.95108	-1.28837	0
 HG00513	foobar	5.93163	-1.56124	0
 HG00524	foobar	5.84781	-1.36893	0
 HG00525	foobar	-4.73958	-0.0352385	0
 HG00530	foobar	5.86175	-1.60509	0
 HG00531	foobar	-5.38264	-0.452932	0
 HG00533	foobar	5.9366	-1.57997	0
 HG00534	foobar	-5.21737	-0.392998	0
 HG00536	foobar	5.93163	-1.56124	0
 HG00537	foobar	-5.08952	-0.492898	0
 HG00542	foobar	-5.18528	-0.353899	0
 HG00543	foobar	-5.18932	-0.330997	0
 HG00553	foobar	5.86333	-1.44411	0
 HG00554	foobar	-5.24704	-0.548938	0
 HG00556	foobar	-5.44284	-0.464889	0
 HG00557	foobar	-5.09928	-0.34843	0
 HG00559	foobar	5.92392	-1.51575	0
 HG00560	foobar	5.85473	-1.5634	0
 HG00565	foobar	-5.10551	-0.625477	0
 HG00566	foobar	5.83957	-1.56508	0
 HG00577	foobar	-5.17359	-0.252581	0
 HG00578	foobar	-5.35389	-0.370563	0
 HG00580	foobar	-5.18346	-0.203238	0
 HG00581	foobar	-5.34407	-0.419455	0
 HG00583	foobar	-5.01363	-0.388132	0
 HG00584	foobar	5.93847	-1.43026	0
 HG00589	foobar	5.95077	-1.28093	0
 HG00590	foobar	5.93163	-1.56124	0
 HG00592	foobar	5.94238	-1.61898	0
 HG00593	foobar	-5.22262	-0.461573	0
 HG00595	foobar	-5.42768	-0.461817	0
 HG00596	foobar	-5.02566	-0.586466	0
 HG00607	foobar	5.93163	-1.56124	0
 HG00608	foobar	5.88273	-1.43263	0
 HG00610	foobar	5.89293	-1.23022	0
 HG00611	foobar	5.76222	-1.47565	0
 HG00613	foobar	5.75603	-1.56605	0
 HG00614	foobar	-5.32397	-0.499293	0
 HG00619	foobar	5.93163	-1.56124	0
 HG00620	foobar	-5.20428	-0.339704	0
 HG00625	foobar	5.92914	-1.53594	0
 HG00626	foobar	-4.93807	-0.624619	0
 HG00628	foobar	-5.228	-0.492164	0
 HG00629	foobar	5.85223	-1.55102	0
 HG00634	foobar	-5.52118	-0.462111	0
 HG00635	foobar	-5.30973	-0.378301	0
 HG00637	foobar	-1.40085	2.07143	0
 HG00638	foobar	-5.16791	-0.465252	0
 HG00640	foobar	5.95658	-1.69639	0
 HG00641	foobar	5.94098	-1.61523	0
 HG00650	foobar	-5.14725	-0.34419	0
 HG00651	foobar	-5.17228	-0.271022	0
 HG00653	foobar	5.92599	-1.52668	0
 HG00654	foobar	-5.13994	-0.355346	0
 HG00656	foobar	-5.37237	-0.511442	0
 HG00657	foobar	5.9332	-1.56878	0
 HG00662	foobar	5.92778	-1.53414	0
 HG00663	foobar	-5.23141	-0.502688	0
 HG00671	foobar	-5.25545	-0.380288	0
 HG00672	foobar	5.93163	-1.56124	0
 HG00683	foobar	-5.44176	-0.437993	0
 HG00684	foobar	-5.14664	-0.215802	0
 HG00689	foobar	5.82315	-1.11155	0
 HG00690	foobar	5.93545	-1.57106	0
 HG00692	foobar	-5.52691	-0.465342	0
 HG00693	foobar	5.93183	-1.56165	0
 HG00698	foobar	5.93164	-1.56074	0
 HG00699	foobar	-5.13092	-0.533619	0
 HG00701	foobar	-5.33363	-0.504324	0
 HG00702	foobar	-5.36691	-0.432029	0
 HG00704	foobar	-5.21699	-0.472734	0
 HG00705	foobar	5.88315	-1.43392	0
 HG00707	foobar	-5.14875	-0.340792	0
 HG00708	foobar	-5.1805	-0.385738	0
 HG00731	foobar	-5.11472	-0.38697	0
 HG00732	foobar	5.8886	-1.49957	0
 HG00734	foobar	4.9458	0.598214	0
 HG00736	foobar	-5.47119	-0.490536	0
 HG00737	foobar	5.86351	-1.69648	0
 HG00740	foobar	-5.04923	-0.32323	0
 HG01047	foobar	5.76873	-1.65478	0
 HG01048	foobar	-5.40967	-0.560255	0
 HG01051	foobar	5.94079	-1.6148	0
 HG01052	foobar	-5.45868	-0.403429	0
 HG01055	foobar	5.88385	-1.63266	0
 HG01060	foobar	-4.95258	-0.352951	0
 HG01061	foobar	-5.35491	-0.471447	0
 HG01066	foobar	5.80419	-1.69069	0
 HG01067	foobar	5.92181	-1.51285	0
 HG01069	foobar	-5.36271	-0.483968	0
 HG01070	foobar	-4.91008	-0.749238	0
 HG01072	foobar	5.85414	-1.64571	0
 HG01073	foobar	5.86601	-1.64025	0
 HG01075	foobar	-5.56618	-0.481518	0
 HG01079	foobar	-5.05619	-0.186661	0
 HG01080	foobar	5.94079	-1.6148	0
 HG01082	foobar	-5.28732	-0.543616	0
 HG01083	foobar	4.71248	3.92128	0
 HG01085	foobar	-5.45229	-0.460457	0
 HG01095	foobar	-5.26905	-0.745879	0
 HG01097	foobar	-5.5755	-0.474434	0
 HG01098	foobar	5.93464	-1.36034	0
 HG01101	foobar	4.9458	0.598214	0
 HG01102	foobar	5.8184	-1.3719	0
 HG01104	foobar	-5.21689	-0.808463	0
 HG01105	foobar	-5.40968	-0.560802	0
 HG01107	foobar	-5.36997	-0.5194	0
 HG01108	foobar	4.54863	3.65736	0
 HG01112	foobar	5.02081	0.543151	0
 HG01113	foobar	-5.27102	-0.403365	0
 HG01124	foobar	5.80755	-1.30073	0
 HG01125	foobar	-2.58524	-0.86661	0
 HG01133	foobar	-1.62984	1.376	0
 HG01134	foobar	-5.48095	-0.443391	0
 HG01136	foobar	-5.26981	-0.41532	0
 HG01137	foobar	-5.35423	-0.52965	0
 HG01140	foobar	-5.46339	-0.465466	0
 HG01148	foobar	4.49245	3.87655	0
 HG01149	foobar	-4.82462	-0.397227	0
 HG01167	foobar	-4.83238	2.29738	0
 HG01168	foobar	5.87681	-1.36104	0
 HG01170	foobar	5.69805	-1.81897	0
 HG01171	foobar	4.69309	3.74747	0
 HG01173	foobar	-5.29824	-0.46117	0
 HG01174	foobar	5.87054	-1.7443	0
 HG01176	foobar	5.87293	-1.51337	0
 HG01183	foobar	-5.3902	-0.554885	0
 HG01187	foobar	5.86385	-1.65744	0
 HG01188	foobar	-5.48121	-0.445812	0
 HG01190	foobar	-5.27845	-0.422624	0
 HG01191	foobar	-5.09334	-0.369249	0
 HG01197	foobar	5.92418	-1.51087	0
 HG01198	foobar	-4.81423	-0.54911	0
 HG01204	foobar	5.87637	-1.69139	0
 HG01250	foobar	4.64864	3.47579	0
 HG01251	foobar	-5.45184	-0.361259	0
 HG01257	foobar	-5.29565	-0.392779	0
 HG01259	foobar	5.77988	-1.6508	0
 HG01271	foobar	-5.46288	-0.469936	0
 HG01272	foobar	-5.39877	-0.367178	0
 HG01274	foobar	-4.33219	-0.895159	0
 HG01275	foobar	-5.34046	-0.610758	0
 HG01277	foobar	5.82802	-1.37574	0
 HG01278	foobar	5.9438	-1.62362	0
 HG01334	foobar	5.90534	-1.59002	0
 HG01342	foobar	-5.42609	-0.4495	0
 HG01344	foobar	-5.16715	-0.401535	0
 HG01345	foobar	-1.15965	2.55966	0
 HG01350	foobar	-5.33379	-0.696348	0
 HG01351	foobar	-5.12851	-0.157501	0
 HG01353	foobar	5.87344	-1.75138	0
 HG01354	foobar	-5.48949	-0.44692	0
 HG01356	foobar	-5.23414	-0.488003	0
 HG01357	foobar	5.9412	-1.61626	0
 HG01359	foobar	5.78206	-1.6845	0
 HG01360	foobar	-5.48038	-0.444602	0
 HG01365	foobar	-2.64599	-0.870735	0
 HG01366	foobar	-5.43766	-0.455268	0
 HG01374	foobar	-5.48929	-0.450243	0
 HG01375	foobar	4.49939	3.48203	0
 HG01377	foobar	-5.28486	-0.543566	0
 HG01378	foobar	-5.43824	-0.55067	0
 HG01383	foobar	5.86369	-1.63656	0
 HG01384	foobar	-2.65687	-0.869882	0
 HG01389	foobar	-5.44378	-0.468597	0
 HG01390	foobar	-5.36922	-0.421498	0
 HG01437	foobar	-5.47572	-0.467437	0
 HG01440	foobar	5.79697	-1.68375	0
 HG01441	foobar	-5.16695	1.53995	0
 HG01455	foobar	-5.17021	-0.475444	0
 HG01456	foobar	5.95085	-1.67144	0
 HG01461	foobar	-5.42401	-0.245532	0
 HG01462	foobar	-5.50558	-0.451486	0
 HG01465	foobar	-2.66955	-0.867238	0
 HG01488	foobar	-5.22487	0.887844	0
 HG01489	foobar	5.32644	-1.26984	0
 HG01491	foobar	5.94098	-1.61523	0
 HG01492	foobar	-2.75924	-0.344025	0
 HG01494	foobar	-5.40644	-0.499048	0
 HG01495	foobar	-5.47926	-0.556194	0
 HG01497	foobar	5.93254	-1.56426	0
 HG01498	foobar	-5.47871	-0.559298	0
 HG01515	foobar	5.86128	-1.65353	0
 HG01516	foobar	-5.44239	-0.456947	0
 HG01518	foobar	-5.04901	-0.38627	0
 HG01519	foobar	-5.24854	-0.777838	0
 HG01521	foobar	-5.33751	-0.410981	0
 HG01522	foobar	-5.32682	-0.416416	0
 HG01550	foobar	-5.49722	-0.476895	0
 HG01551	foobar	-5.48404	-0.057654	0
 HG01617	foobar	-5.17185	-0.556402	0
 HG01618	foobar	-3.46567	-0.575474	0
 HG01619	foobar	-5.44239	-0.456947	0
 HG01620	foobar	5.86562	-1.63942	0
 HG01623	foobar	5.89551	-1.35105	0
 HG01624	foobar	5.82738	-1.37124	0
 HG01625	foobar	-5.14622	-0.44787	0
 HG01626	foobar	-5.42543	-0.320732	0
 NA06984	foobar	5.82007	-1.36754	0
 NA06986	foobar	-5.30822	-0.518363	0
 NA06989	foobar	5.87208	-1.74869	0
 NA06994	foobar	5.96049	-1.70874	0
 NA07000	foobar	-5.42065	-0.474738	0
 NA07037	foobar	5.9222	-1.51368	0
 NA07048	foobar	5.86521	-1.66315	0
 NA07051	foobar	-5.314	-0.52476	0
 NA07056	foobar	-5.19443	-0.39634	0
 NA07347	foobar	5.87208	-1.74869	0
 NA07357	foobar	5.8377	-1.44706	0
 NA10847	foobar	-5.56799	-0.452431	0
 NA10851	foobar	-5.39533	-0.485679	0
 NA11829	foobar	-5.46176	-0.413233	0
 NA11830	foobar	4.6819	3.87663	0
 NA11831	foobar	5.86895	-1.65329	0
 NA11843	foobar	-5.14977	-0.388321	0
 NA11892	foobar	-5.55451	-0.475647	0
 NA11893	foobar	5.8302	-1.68925	0
 NA11894	foobar	-5.28364	-0.424908	0
 NA11919	foobar	-5.04153	-0.255763	0
 NA11920	foobar	-5.30088	-0.426829	0
 NA11930	foobar	5.94706	-1.56363	0
 NA11931	foobar	-5.19523	-0.486765	0
 NA11932	foobar	-5.2858	-0.539126	0
 NA11933	foobar	-5.21041	-0.407856	0
 NA11992	foobar	-5.15449	-0.297348	0
 NA11993	foobar	5.90037	-1.71551	0
 NA11994	foobar	5.76873	-1.65478	0
 NA11995	foobar	-4.95555	-0.356207	0
 NA12003	foobar	-5.36253	-0.456997	0
 NA12004	foobar	5.89443	-1.54939	0
 NA12006	foobar	5.94081	-1.61534	0
 NA12043	foobar	-5.23523	-0.500854	0
 NA12044	foobar	-5.07423	-0.291814	0
 NA12045	foobar	5.92181	-1.51285	0
 NA12046	foobar	-4.8747	-0.371115	0
 NA12058	foobar	-5.28393	-0.426553	0
 NA12144	foobar	5.95597	-1.69371	0
 NA12154	foobar	-5.13034	-0.424529	0
 NA12155	foobar	-5.57458	-0.487031	0
 NA12249	foobar	-5.36429	-0.413412	0
 NA12272	foobar	-5.5194	-0.461081	0
 NA12273	foobar	-5.49304	-0.456158	0
 NA12275	foobar	5.85998	-1.37017	0
 NA12282	foobar	-5.25906	-0.798232	0
 NA12283	foobar	-5.44629	-0.459265	0
 NA12286	foobar	5.87058	-1.66215	0
 NA12287	foobar	5.94288	-1.62147	0
 NA12340	foobar	-5.55732	-0.468578	0
 NA12341	foobar	-4.80117	-0.270099	0
 NA12342	foobar	5.95617	-1.69416	0
 NA12347	foobar	-5.05462	-0.337006	0
 NA12348	foobar	-4.80185	-0.258675	0
 NA12383	foobar	5.95928	-1.70366	0
 NA12399	foobar	5.94288	-1.62147	0
 NA12400	foobar	5.9222	-1.51365	0
 NA12413	foobar	5.75226	-1.49765	0
 NA12489	foobar	5.95889	-1.70276	0
 NA12546	foobar	-4.96675	-0.50925	0
 NA12716	foobar	5.9333	-1.58043	0
 NA12717	foobar	-4.99835	-0.334353	0
 NA12718	foobar	5.94327	-1.6223	0
 NA12748	foobar	-4.88327	-0.43102	0
 NA12749	foobar	5.94079	-1.6148	0
 NA12750	foobar	5.94079	-1.6148	0
 NA12751	foobar	5.93993	-1.60131	0
 NA12761	foobar	-4.99668	-0.2401	0
 NA12763	foobar	-4.57895	-0.646722	0
 NA12775	foobar	5.90534	-1.59002	0
 NA12777	foobar	5.80331	-1.77599	0
 NA12778	foobar	-5.11938	-0.451095	0
 NA12812	foobar	-5.36622	-0.703984	0
 NA12814	foobar	-5.24226	-0.426518	0
 NA12815	foobar	-5.57975	-0.437412	0
 NA12827	foobar	-4.9565	-0.230383	0
 NA12829	foobar	-5.26846	-0.503818	0
 NA12830	foobar	-5.22285	-0.505519	0
 NA12842	foobar	5.82305	-1.59706	0
 NA12843	foobar	-5.03546	-0.353739	0
 NA12872	foobar	-5.22538	-0.364135	0
 NA12873	foobar	-5.19366	-0.516993	0
 NA12874	foobar	5.8658	-1.63986	0
 NA12889	foobar	-5.39528	-0.32691	0
 NA12890	foobar	5.92181	-1.51285	0
 NA18486	foobar	4.53921	4.15232	0
 NA18487	foobar	4.63318	3.88345	0
 NA18489	foobar	4.5901	4.07536	0
 NA18498	foobar	4.69727	4.1201	0
 NA18499	foobar	4.64269	4.0747	0
 NA18501	foobar	-1.1141	4.57602	0
 NA18502	foobar	4.54782	3.95636	0
 NA18504	foobar	-0.913287	4.55417	0
 NA18505	foobar	4.65543	4.02079	0
 NA18507	foobar	4.94596	0.598373	0
 NA18508	foobar	4.705	4.08639	0
 NA18510	foobar	4.70232	4.1734	0
 NA18511	foobar	4.72235	4.35318	0
 NA18516	foobar	4.49649	2.64626	0
 NA18517	foobar	4.63321	4.26326	0
 NA18519	foobar	4.69529	4.09524	0
 NA18520	foobar	-5.1632	1.05441	0
 NA18522	foobar	-1.11615	4.47122	0
 NA18523	foobar	4.57411	3.14918	0
 NA18525	foobar	-5.11885	-0.221841	0
 NA18526	foobar	5.93163	-1.56124	0
 NA18527	foobar	-5.13759	-0.392687	0
 NA18528	foobar	-5.02	-0.302487	0
 NA18530	foobar	5.92832	-1.53517	0
 NA18532	foobar	5.8445	-1.56033	0
 NA18534	foobar	-5.06758	-0.625738	0
 NA18535	foobar	-5.48793	-0.449757	0
 NA18536	foobar	5.86267	-1.60977	0
 NA18537	foobar	5.86833	-1.39248	0
 NA18538	foobar	5.85202	-1.40161	0
 NA18539	foobar	5.92857	-1.53696	0
 NA18541	foobar	-5.39603	-0.494218	0
 NA18542	foobar	-5.40397	-0.442652	0
 NA18543	foobar	5.76522	-1.60162	0
 NA18544	foobar	5.93163	-1.56124	0
 NA18545	foobar	-5.41213	-0.48563	0
 NA18546	foobar	5.8547	-1.60387	0
 NA18547	foobar	-5.16062	-0.45044	0
 NA18548	foobar	-5.16933	-0.384475	0
 NA18549	foobar	-5.36747	-0.447832	0
 NA18550	foobar	-5.12575	-0.40662	0
 NA18552	foobar	-5.12491	-0.39977	0
 NA18553	foobar	-5.23107	-0.497002	0
 NA18555	foobar	5.86912	-1.39449	0
 NA18557	foobar	5.86079	-1.45188	0
 NA18558	foobar	5.94066	-1.4482	0
 NA18559	foobar	-5.16358	-0.0914541	0
 NA18560	foobar	-5.42184	-0.281161	0
 NA18561	foobar	5.93364	-1.56957	0
 NA18562	foobar	-5.34023	-0.474553	0
 NA18563	foobar	5.86018	-1.59754	0
 NA18564	foobar	5.93758	-1.58318	0
 NA18565	foobar	5.93176	-1.56392	0
 NA18566	foobar	-5.1997	-0.344278	0
 NA18567	foobar	-5.3675	-0.499707	0
 NA18570	foobar	-5.5094	-0.459306	0
 NA18571	foobar	5.93163	-1.56124	0
 NA18572	foobar	-5.13288	-0.475835	0
 NA18573	foobar	-5.1883	-0.347149	0
 NA18574	foobar	-5.334	-0.26993	0
 NA18576	foobar	-5.07302	-0.398912	0
 NA18577	foobar	5.93173	-1.56331	0
 NA18579	foobar	5.9366	-1.57997	0
 NA18582	foobar	-5.15332	-0.394947	0
 NA18592	foobar	-5.2973	-0.464022	0
 NA18593	foobar	-5.43598	-0.462413	0
 NA18595	foobar	5.93163	-1.56124	0
 NA18596	foobar	-5.15162	-0.397223	0
 NA18597	foobar	-5.18507	-0.28761	0
 NA18599	foobar	5.93269	-1.55975	0
 NA18602	foobar	-5.4872	-0.449277	0
 NA18603	foobar	-5.30951	-0.37921	0
 NA18605	foobar	-5.1375	-0.394762	0
 NA18606	foobar	5.92393	-1.51151	0
 NA18608	foobar	5.85966	-1.6226	0
 NA18609	foobar	-5.29031	-0.331789	0
 NA18610	foobar	5.8772	-1.41574	0
 NA18611	foobar	-5.20984	-0.426271	0
 NA18612	foobar	5.85094	-1.55297	0
 NA18613	foobar	-4.95854	-0.448494	0
 NA18614	foobar	-5.22157	-0.279711	0
 NA18615	foobar	-5.38637	-0.433957	0
 NA18616	foobar	-5.22579	-0.343147	0
 NA18617	foobar	-5.39761	-0.430955	0
 NA18618	foobar	5.93163	-1.56124	0
 NA18619	foobar	-5.07233	-0.398913	0
 NA18620	foobar	5.93215	-1.55528	0
 NA18621	foobar	5.93163	-1.56124	0
 NA18622	foobar	5.9334	-1.5692	0
 NA18623	foobar	5.90275	-1.27861	0
 NA18624	foobar	-5.22542	-0.447018	0
 NA18626	foobar	5.92699	-1.53249	0
 NA18627	foobar	-4.99064	-0.411585	0
 NA18628	foobar	-5.24828	-0.408402	0
 NA18630	foobar	-5.49716	-0.454747	0
 NA18631	foobar	-5.05449	-0.386679	0
 NA18632	foobar	5.89293	-1.23022	0
 NA18633	foobar	-5.5135	-0.460759	0
 NA18634	foobar	5.93183	-1.56165	0
 NA18635	foobar	-5.02284	-0.642138	0
 NA18636	foobar	-5.09959	-0.373743	0
 NA18637	foobar	-5.04601	-0.351354	0
 NA18638	foobar	5.70165	-1.5722	0
 NA18639	foobar	-5.19338	-0.330942	0
 NA18640	foobar	5.93163	-1.56124	0
 NA18641	foobar	-5.38806	-0.467011	0
 NA18642	foobar	-5.44005	-0.458909	0
 NA18643	foobar	5.93168	-1.56219	0
 NA18645	foobar	5.73069	-1.39513	0
 NA18647	foobar	5.92938	-1.55651	0
 NA18740	foobar	-5.02761	-0.487142	0
 NA18745	foobar	5.93163	-1.56124	0
 NA18747	foobar	5.74674	-1.52338	0
 NA18748	foobar	-5.01727	-0.522921	0
 NA18749	foobar	5.92156	-1.51646	0
 NA18757	foobar	-5.04766	-0.73639	0
 NA18853	foobar	4.63169	4.24143	0
 NA18856	foobar	-1.15146	4.42348	0
 NA18858	foobar	4.67042	2.69661	0
 NA18861	foobar	5.09224	0.542849	0
 NA18867	foobar	4.7052	4.11951	0
 NA18868	foobar	-4.88763	2.26359	0
 NA18870	foobar	4.63223	4.17583	0
 NA18871	foobar	4.74977	3.54591	0
 NA18873	foobar	4.65887	4.10827	0
 NA18874	foobar	-5.39501	-0.424353	0
 NA18907	foobar	-4.94101	2.26353	0
 NA18908	foobar	5.05777	0.555267	0
 NA18909	foobar	4.6771	3.79046	0
 NA18910	foobar	-5.02774	2.11951	0
 NA18912	foobar	4.54379	2.76859	0
 NA18916	foobar	-5.14813	2.00408	0
 NA18917	foobar	4.66683	2.54974	0
 NA18923	foobar	4.53829	3.99979	0
 NA18924	foobar	-5.09178	1.0006	0
 NA18933	foobar	4.94708	0.600314	0
 NA18934	foobar	4.57226	3.46805	0
 NA18939	foobar	-5.07496	-0.339744	0
 NA18940	foobar	-5.06842	-0.188198	0
 NA18941	foobar	5.92282	-1.51541	0
 NA18942	foobar	5.93163	-1.56124	0
 NA18943	foobar	5.87082	-1.39638	0
 NA18944	foobar	-4.85869	-0.342696	0
 NA18945	foobar	5.89107	-1.47954	0
 NA18946	foobar	5.93409	-1.56951	0
 NA18947	foobar	-5.3964	-0.287923	0
 NA18948	foobar	-5.13369	-0.170157	0
 NA18949	foobar	5.9344	-1.5754	0
 NA18950	foobar	5.9322	-1.56568	0
 NA18951	foobar	-5.16459	-0.394135	0
 NA18952	foobar	5.93346	-1.56581	0
 NA18953	foobar	5.93264	-1.5638	0
 NA18954	foobar	5.81293	-1.47527	0
 NA18956	foobar	-5.15147	-0.341986	0
 NA18957	foobar	5.88287	-1.45744	0
 NA18959	foobar	-5.14233	-0.445777	0
 NA18960	foobar	-5.34341	-0.502346	0
 NA18961	foobar	-5.36239	-0.469527	0
 NA18962	foobar	-5.16261	-0.455445	0
 NA18963	foobar	-5.07315	-0.396232	0
 NA18964	foobar	5.76231	-1.41664	0
 NA18965	foobar	5.80783	-1.48173	0
 NA18966	foobar	5.93245	-1.56392	0
 NA18968	foobar	5.93163	-1.56124	0
 NA18971	foobar	-5.35276	-0.475629	0
 NA18973	foobar	5.93163	-1.56124	0
 NA18974	foobar	-5.06489	-0.383557	0
 NA18975	foobar	5.85465	-1.56928	0
 NA18976	foobar	5.86233	-1.60635	0
 NA18977	foobar	-5.36361	-0.460468	0
 NA18978	foobar	5.93093	-1.56345	0
 NA18980	foobar	-5.47985	-0.432245	0
 NA18981	foobar	-5.18924	-0.337732	0
 NA18982	foobar	5.78069	-1.17518	0
 NA18983	foobar	-5.15267	-0.437521	0
 NA18984	foobar	-5.44831	-0.438568	0
 NA18985	foobar	5.93163	-1.56124	0
 NA18986	foobar	5.94114	-1.45057	0
 NA18987	foobar	-5.32115	-0.407497	0
 NA18988	foobar	-5.46748	-0.424785	0
 NA18989	foobar	5.85766	-1.61427	0
 NA18990	foobar	5.93193	-1.56373	0
 NA18992	foobar	-5.2094	-0.444309	0
 NA18994	foobar	5.93185	-1.56216	0
 NA18995	foobar	5.83357	-1.51208	0
 NA18998	foobar	-4.86475	-0.627834	0
 NA18999	foobar	-5.07444	-0.332883	0
 NA19000	foobar	5.89564	-1.56103	0
 NA19002	foobar	5.87787	-1.41957	0
 NA19003	foobar	-4.97404	-0.37998	0
 NA19004	foobar	-5.21611	-0.443974	0
 NA19005	foobar	-5.36242	-0.434035	0
 NA19007	foobar	-5.08088	-0.588018	0
 NA19009	foobar	-5.05759	-0.673965	0
 NA19010	foobar	5.93163	-1.56124	0
 NA19012	foobar	5.84705	-1.28499	0
 NA19020	foobar	-4.78636	2.16138	0
 NA19028	foobar	-0.911012	3.88479	0
 NA19035	foobar	-1.15122	4.77182	0
 NA19036	foobar	4.44498	3.88375	0
 NA19038	foobar	5.01704	0.59108	0
 NA19041	foobar	-5.01442	-0.0952193	0
 NA19044	foobar	-1.37753	2.34584	0
 NA19046	foobar	4.68147	3.88845	0
 NA19054	foobar	5.89069	-1.47924	0
 NA19055	foobar	5.94166	-1.4007	0
 NA19056	foobar	-5.32013	-0.449534	0
 NA19057	foobar	-5.52103	-0.462093	0
 NA19058	foobar	-5.42622	-0.279873	0
 NA19059	foobar	5.81078	-1.30949	0
 NA19060	foobar	5.93163	-1.56124	0
 NA19062	foobar	-5.14854	-0.356831	0
 NA19063	foobar	-5.16162	-0.348911	0
 NA19064	foobar	-5.32965	-0.395552	0
 NA19065	foobar	5.93193	-1.5609	0
 NA19066	foobar	5.89577	-1.56371	0
 NA19067	foobar	5.93285	-1.56369	0
 NA19068	foobar	5.9371	-1.58005	0
 NA19070	foobar	5.92912	-1.53663	0
 NA19072	foobar	-5.41162	-0.452155	0
 NA19074	foobar	5.93183	-1.56165	0
 NA19075	foobar	5.77124	-1.25575	0
 NA19076	foobar	5.85213	-1.59997	0
 NA19077	foobar	5.62682	-1.52157	0
 NA19078	foobar	-5.22238	-0.350903	0
 NA19079	foobar	-5.13226	-0.663731	0
 NA19080	foobar	-5.16944	-0.364473	0
 NA19081	foobar	-5.16351	-0.345421	0
 NA19082	foobar	5.93819	-1.58494	0
 NA19083	foobar	-5.05419	-0.390389	0
 NA19084	foobar	5.88097	-1.42916	0
 NA19085	foobar	5.87223	-1.57202	0
 NA19087	foobar	5.88195	-1.43155	0
 NA19088	foobar	5.89059	-1.47717	0
 NA19093	foobar	5.10127	0.547214	0
 NA19095	foobar	-5.38357	-0.414623	0
 NA19096	foobar	-1.6825	2.60742	0
 NA19098	foobar	-1.08891	4.74339	0
 NA19099	foobar	-5.011	2.08266	0
 NA19102	foobar	4.49149	4.17903	0
 NA19107	foobar	4.63488	4.37439	0
 NA19108	foobar	4.64775	4.29106	0
 NA19113	foobar	4.58354	4.27861	0
 NA19114	foobar	4.62028	3.62903	0
 NA19116	foobar	4.55338	3.94588	0
 NA19117	foobar	4.50191	4.08456	0
 NA19118	foobar	-4.82371	0.0344095	0
 NA19119	foobar	4.01563	3.75412	0
 NA19121	foobar	4.69192	4.24202	0
 NA19129	foobar	4.65727	4.13572	0
 NA19130	foobar	4.73932	4.50122	0
 NA19131	foobar	4.64954	4.07214	0
 NA19137	foobar	3.97826	1.21885	0
 NA19138	foobar	4.72235	4.35318	0
 NA19146	foobar	4.55458	3.44849	0
 NA19147	foobar	-5.14374	1.16682	0
 NA19149	foobar	4.9374	0.731711	0
 NA19150	foobar	4.47636	4.23906	0
 NA19152	foobar	-5.16832	0.823815	0
 NA19160	foobar	4.64781	4.27496	0
 NA19171	foobar	-1.11493	3.40046	0
 NA19172	foobar	-1.37949	3.57005	0
 NA19175	foobar	4.58065	4.33956	0
 NA19185	foobar	4.47667	4.10133	0
 NA19189	foobar	4.73138	4.45057	0
 NA19190	foobar	4.63154	4.13092	0
 NA19197	foobar	-5.21254	2.10624	0
 NA19198	foobar	-5.10566	-0.125749	0
 NA19200	foobar	4.48215	2.83303	0
 NA19204	foobar	-4.86613	2.15779	0
 NA19207	foobar	-5.12776	2.18916	0
 NA19209	foobar	4.60922	3.887	0
 NA19213	foobar	-4.86613	2.15779	0
 NA19222	foobar	4.70648	4.22662	0
 NA19223	foobar	4.58264	4.36453	0
 NA19225	foobar	4.61092	4.16299	0
 NA19235	foobar	4.61025	3.6297	0
 NA19236	foobar	4.69529	4.09524	0
 NA19247	foobar	4.56495	3.33187	0
 NA19248	foobar	4.57196	4.19595	0
 NA19256	foobar	4.71578	4.27455	0
 NA19257	foobar	-1.08334	4.86133	0
 NA19307	foobar	-1.19518	4.403	0
 NA19308	foobar	-5.20673	1.97201	0
 NA19309	foobar	-1.33914	4.39579	0
 NA19310	foobar	4.52869	2.98556	0
 NA19311	foobar	-4.75218	-0.145183	0
 NA19312	foobar	4.61105	4.16703	0
 NA19313	foobar	4.63569	4.44525	0
 NA19315	foobar	4.63663	4.45201	0
 NA19316	foobar	4.47721	3.87912	0
 NA19317	foobar	4.61953	4.20369	0
 NA19318	foobar	4.59939	3.8946	0
 NA19319	foobar	4.59805	3.76897	0
 NA19321	foobar	4.58698	4.32617	0
 NA19324	foobar	-1.36328	3.32015	0
 NA19327	foobar	-5.2071	0.94356	0
 NA19328	foobar	-1.28109	4.16746	0
 NA19331	foobar	4.64625	4.37068	0
 NA19332	foobar	4.33607	2.98639	0
 NA19334	foobar	4.71432	4.22602	0
 NA19338	foobar	4.63588	3.89961	0
 NA19346	foobar	4.6841	2.79205	0
 NA19347	foobar	4.67614	4.4867	0
 NA19350	foobar	4.64685	2.91278	0
 NA19351	foobar	4.63917	3.71381	0
 NA19352	foobar	4.57216	4.24847	0
 NA19355	foobar	-5.34018	-0.419655	0
 NA19359	foobar	4.66964	3.49925	0
 NA19360	foobar	5.01057	0.595036	0
 NA19371	foobar	4.56524	3.96648	0
 NA19372	foobar	4.69735	4.10939	0
 NA19373	foobar	-1.26501	4.60921	0
 NA19374	foobar	-1.23925	4.57977	0
 NA19375	foobar	4.55302	3.87649	0
 NA19376	foobar	-5.08622	2.13161	0
 NA19377	foobar	4.63644	4.36205	0
 NA19379	foobar	-5.28358	-0.234676	0
 NA19380	foobar	4.69639	4.09209	0
 NA19381	foobar	4.72466	4.24638	0
 NA19382	foobar	4.70226	4.14864	0
 NA19383	foobar	-1.19442	4.43133	0
 NA19384	foobar	5.0221	0.764	0
 NA19385	foobar	4.71432	4.22602	0
 NA19390	foobar	4.55934	3.70923	0
 NA19391	foobar	4.53342	2.84226	0
 NA19393	foobar	-1.42797	2.89422	0
 NA19394	foobar	4.67372	4.44901	0
 NA19395	foobar	-4.84533	2.29941	0
 NA19396	foobar	4.50247	3.21078	0
 NA19397	foobar	4.34386	3.33159	0
 NA19398	foobar	4.69958	4.04848	0
 NA19399	foobar	-1.52594	2.50724	0
 NA19401	foobar	4.94724	0.600473	0
 NA19403	foobar	4.46718	3.211	0
 NA19404	foobar	-1.20627	3.55074	0
 NA19428	foobar	-1.28522	2.70268	0
 NA19429	foobar	-5.22838	-0.38397	0
 NA19430	foobar	-0.992601	2.82329	0
 NA19431	foobar	-4.84104	-0.0409106	0
 NA19434	foobar	4.7137	4.07907	0
 NA19435	foobar	-1.16272	3.53073	0
 NA19436	foobar	4.66557	4.11333	0
 NA19437	foobar	4.72979	3.0011	0
 NA19438	foobar	4.54714	4.20802	0
 NA19439	foobar	-5.06455	1.05373	0
 NA19440	foobar	4.55525	3.55468	0
 NA19443	foobar	4.59995	3.73085	0
 NA19444	foobar	-5.38663	-0.404887	0
 NA19445	foobar	-5.33168	-0.414275	0
 NA19446	foobar	4.50777	2.81202	0
 NA19448	foobar	4.23431	4.10308	0
 NA19449	foobar	4.62867	3.72678	0
 NA19451	foobar	-5.01324	-0.127688	0
 NA19452	foobar	4.87429	0.607002	0
 NA19453	foobar	-5.38419	-0.382196	0
 NA19455	foobar	4.59251	4.08887	0
 NA19456	foobar	4.53456	3.81805	0
 NA19457	foobar	5.01024	0.594723	0
 NA19461	foobar	-1.29119	4.70326	0
 NA19462	foobar	4.65149	4.42035	0
 NA19463	foobar	5.86913	-1.39444	0
 NA19466	foobar	4.50194	3.86282	0
 NA19467	foobar	-1.25813	4.4456	0
 NA19468	foobar	-4.97713	-0.126959	0
 NA19469	foobar	-1.19146	3.77209	0
 NA19470	foobar	4.52262	2.94678	0
 NA19471	foobar	5.01838	0.580692	0
 NA19472	foobar	-1.11136	4.61639	0
 NA19473	foobar	-5.48142	-0.444795	0
 NA19474	foobar	4.81388	0.57375	0
 NA19625	foobar	-5.20254	2.07959	0
 NA19648	foobar	-5.20352	-0.508796	0
 NA19651	foobar	5.94288	-1.62147	0
 NA19652	foobar	-2.35864	-0.826132	0
 NA19654	foobar	-2.85359	1.68349	0
 NA19655	foobar	-5.46505	-0.551511	0
 NA19657	foobar	-5.11963	-0.504546	0
 NA19660	foobar	-4.885	-0.228583	0
 NA19661	foobar	5.76398	-1.60517	0
 NA19663	foobar	-2.4301	-0.862437	0
 NA19664	foobar	-5.37171	-0.466062	0
 NA19672	foobar	-4.43143	-0.885431	0
 NA19675	foobar	5.87029	-1.70484	0
 NA19676	foobar	-2.65687	-0.869882	0
 NA19678	foobar	-5.1642	-0.546958	0
 NA19679	foobar	5.77928	-1.65886	0
 NA19681	foobar	5.20654	-1.1934	0
 NA19682	foobar	-5.33484	-0.452194	0
 NA19684	foobar	5.86933	-1.65111	0
 NA19685	foobar	-4.885	-0.228583	0
 NA19700	foobar	4.58217	4.36139	0
 NA19701	foobar	-3.68536	2.54687	0
 NA19703	foobar	4.62312	3.72261	0
 NA19704	foobar	4.98745	0.912451	0
 NA19707	foobar	-1.21841	2.55206	0
 NA19711	foobar	5.88806	-1.49036	0
 NA19712	foobar	4.57116	3.08923	0
 NA19713	foobar	4.70536	3.89463	0
 NA19716	foobar	-5.04818	-0.317017	0
 NA19717	foobar	5.93285	-1.56716	0
 NA19719	foobar	5.9352	-1.36273	0
 NA19720	foobar	-5.46601	-0.46969	0
 NA19722	foobar	5.94227	-1.62003	0
 NA19723	foobar	-5.50125	-0.55863	0
 NA19725	foobar	-2.4757	-1.13059	0
 NA19726	foobar	-2.7255	-0.921566	0
 NA19728	foobar	5.87368	-1.70583	0
 NA19729	foobar	5.95045	-1.6656	0
 NA19731	foobar	-2.52089	-0.874089	0
 NA19732	foobar	-2.61912	-0.87026	0
 NA19734	foobar	-2.71131	-0.918122	0
 NA19735	foobar	5.88043	-1.54356	0
 NA19737	foobar	-5.46715	-0.543363	0
 NA19738	foobar	-5.24786	-0.797074	0
 NA19740	foobar	5.94468	-1.63245	0
 NA19741	foobar	-5.12777	-0.157402	0
 NA19746	foobar	5.9418	-1.61736	0
 NA19747	foobar	4.95089	3.2648	0
 NA19749	foobar	5.94369	-1.62293	0
 NA19750	foobar	-5.42422	-0.381741	0
 NA19752	foobar	-5.40455	-0.427182	0
 NA19753	foobar	-5.05832	-0.251779	0
 NA19755	foobar	5.94098	-1.61523	0
 NA19756	foobar	5.94079	-1.6148	0
 NA19758	foobar	-5.41506	-0.450135	0
 NA19759	foobar	-5.4018	-0.560699	0
 NA19761	foobar	-2.46537	-1.17921	0
 NA19762	foobar	-2.65696	-0.870114	0
 NA19764	foobar	-5.35137	-0.518525	0
 NA19770	foobar	-5.30258	-0.470589	0
 NA19771	foobar	5.03205	1.38702	0
 NA19773	foobar	5.28888	-1.18852	0
 NA19774	foobar	5.93274	-1.56468	0
 NA19776	foobar	5.87208	-1.74869	0
 NA19777	foobar	-5.41671	-0.454919	0
 NA19779	foobar	5.9413	-1.60934	0
 NA19780	foobar	5.8666	-1.39121	0
 NA19782	foobar	5.85405	-1.6433	0
 NA19783	foobar	5.30017	-1.07876	0
 NA19785	foobar	5.94166	-1.4007	0
 NA19786	foobar	-5.41647	-0.450362	0
 NA19788	foobar	-5.39028	-0.444168	0
 NA19789	foobar	-5.00676	-0.284333	0
 NA19794	foobar	-5.37895	-0.466899	0
 NA19795	foobar	-2.62137	-0.865537	0
 NA19818	foobar	-5.07654	-0.0589434	0
 NA19819	foobar	-1.31786	2.11191	0
 NA19834	foobar	5.03114	0.485944	0
 NA19835	foobar	-5.2725	-0.196125	0
 NA19900	foobar	-5.13414	1.9947	0
 NA19901	foobar	-1.42594	2.31784	0
 NA19904	foobar	4.68469	2.61304	0
 NA19908	foobar	4.525	3.97727	0
 NA19909	foobar	-5.30652	0.933772	0
 NA19914	foobar	-5.22271	1.02974	0
 NA19916	foobar	-5.36052	0.999867	0
 NA19917	foobar	4.37862	4.13655	0
 NA19920	foobar	-1.08202	4.83225	0
 NA19921	foobar	5.84197	-1.576	0
 NA19922	foobar	-4.89097	1.60832	0
 NA19923	foobar	4.53155	3.87697	0
 NA19982	foobar	-4.79073	2.00526	0
 NA19984	foobar	4.65472	4.06674	0
 NA19985	foobar	4.68834	2.58711	0
 NA20126	foobar	4.72997	4.22311	0
 NA20127	foobar	4.67584	4.27695	0
 NA20276	foobar	5.11121	0.440761	0
 NA20278	foobar	4.64214	3.40502	0
 NA20281	foobar	-5.20952	-0.331926	0
 NA20282	foobar	-1.1989	2.41505	0
 NA20287	foobar	-1.18615	2.61419	0
 NA20289	foobar	-4.75009	-0.0927517	0
 NA20291	foobar	4.57236	4.24532	0
 NA20294	foobar	-1.00239	4.76734	0
 NA20296	foobar	4.69465	3.77128	0
 NA20298	foobar	4.69246	4.17861	0
 NA20299	foobar	4.69666	4.11598	0
 NA20314	foobar	5.95061	-1.66319	0
 NA20317	foobar	4.61237	3.80485	0
 NA20322	foobar	-1.66878	1.49891	0
 NA20332	foobar	4.68175	3.88916	0
 NA20334	foobar	-5.39745	0.59001	0
 NA20336	foobar	-5.42211	-0.192982	0
 NA20339	foobar	4.59966	3.92384	0
 NA20340	foobar	4.45756	3.05378	0
 NA20341	foobar	-4.83973	-0.0936681	0
 NA20342	foobar	4.64962	3.96407	0
 NA20344	foobar	-4.95202	1.56084	0
 NA20346	foobar	4.63154	4.13092	0
 NA20348	foobar	-5.26518	-0.411091	0
 NA20351	foobar	4.69958	4.07849	0
 NA20356	foobar	-4.98427	2.29124	0
 NA20357	foobar	-5.1713	2.11605	0
 NA20359	foobar	-4.76268	1.99104	0
 NA20363	foobar	-5.1237	-0.820547	0
 NA20412	foobar	4.95165	0.474569	0
 NA20414	foobar	-5.04788	-0.357263	0
 NA20502	foobar	5.93699	-1.59176	0
 NA20503	foobar	-5.03399	-0.324272	0
 NA20504	foobar	-5.06453	-0.466835	0
 NA20505	foobar	-5.05451	-0.424026	0
 NA20506	foobar	-5.36055	-0.219877	0
 NA20507	foobar	-5.34472	-0.512281	0
 NA20508	foobar	5.80993	-1.64986	0
 NA20509	foobar	5.95898	-1.70429	0
 NA20510	foobar	-5.30915	-0.671619	0
 NA20512	foobar	-5.32492	-0.508046	0
 NA20513	foobar	-5.55145	-0.476947	0
 NA20515	foobar	-5.31263	-0.455033	0
 NA20516	foobar	-5.36818	-0.0780023	0
 NA20517	foobar	-5.31187	-0.713174	0
 NA20518	foobar	-5.12387	-0.51321	0
 NA20519	foobar	-5.17208	-0.706823	0
 NA20520	foobar	-5.39372	-0.448519	0
 NA20521	foobar	-5.42287	-0.54525	0
 NA20522	foobar	5.92181	-1.51285	0
 NA20524	foobar	-5.02722	-0.386537	0
 NA20525	foobar	-5.47167	-0.440727	0
 NA20527	foobar	-5.29455	-0.541739	0
 NA20528	foobar	5.94079	-1.6148	0
 NA20529	foobar	-5.3118	-0.714114	0
 NA20530	foobar	5.89579	-1.463	0
 NA20531	foobar	-5.00262	2.06466	0
 NA20532	foobar	-5.17079	-0.148071	0
 NA20533	foobar	5.85423	-1.59632	0
 NA20534	foobar	-5.26846	-0.503818	0
 NA20535	foobar	-5.11949	-0.517076	0
 NA20536	foobar	5.95118	-1.42829	0
 NA20537	foobar	5.88096	-1.62313	0
 NA20538	foobar	-5.09018	-0.450843	0
 NA20539	foobar	-5.3672	-0.542084	0
 NA20540	foobar	-5.15518	-0.536088	0
 NA20541	foobar	5.92181	-1.51285	0
 NA20542	foobar	-5.08941	-0.689203	0
 NA20543	foobar	5.86385	-1.65744	0
 NA20544	foobar	-5.40637	-0.532345	0
 NA20581	foobar	-5.17233	-0.133437	0
 NA20582	foobar	5.89177	-1.439	0
 NA20585	foobar	5.87677	-1.36044	0
 NA20586	foobar	5.93856	-1.5997	0
 NA20588	foobar	5.94079	-1.6148	0
 NA20589	foobar	-4.97818	-0.549753	0
 NA20752	foobar	5.92334	-1.51795	0
 NA20753	foobar	-4.71321	-0.485242	0
 NA20754	foobar	5.94227	-1.62003	0
 NA20755	foobar	5.9435	-1.6225	0
 NA20756	foobar	5.86581	-1.63985	0
 NA20757	foobar	-5.16096	-0.379505	0
 NA20758	foobar	-5.10842	-0.22636	0
 NA20759	foobar	-5.53664	-0.47132	0
 NA20760	foobar	4.64327	3.42147	0
 NA20761	foobar	-5.27249	-0.430671	0
 NA20765	foobar	-5.25838	-0.184508	0
 NA20766	foobar	5.92334	-1.51795	0
 NA20768	foobar	5.92354	-1.51835	0
 NA20769	foobar	-4.78885	-0.378024	0
 NA20770	foobar	-5.22359	-0.518924	0
 NA20771	foobar	5.77751	-1.71254	0
 NA20772	foobar	-5.26957	-0.427287	0
 NA20773	foobar	-5.53938	-0.473604	0
 NA20774	foobar	-5.33085	-0.611219	0
 NA20775	foobar	5.95054	-1.49376	0
 NA20778	foobar	-5.49724	-0.536006	0
 NA20783	foobar	5.92181	-1.51285	0
 NA20785	foobar	-5.32473	-0.538158	0
 NA20786	foobar	-5.55431	-0.47897	0
 NA20787	foobar	5.03426	0.420254	0
 NA20790	foobar	5.86562	-1.63942	0
 NA20792	foobar	-5.29867	-0.527171	0
 NA20795	foobar	-5.47578	-0.464718	0
 NA20796	foobar	5.86175	-1.65563	0
 NA20797	foobar	5.93293	-1.60479	0
 NA20798	foobar	-5.0688	-0.479468	0
 NA20799	foobar	3.7612	-1.66674	0
 NA20800	foobar	5.93736	-1.59379	0
 NA20801	foobar	4.68175	3.88916	0
 NA20802	foobar	5.86562	-1.63942	0
 NA20803	foobar	5.95138	-1.42867	0
 NA20804	foobar	-1.62014	1.36686	0
 NA20805	foobar	-5.33554	-0.457772	0
 NA20806	foobar	-5.46137	-0.433589	0
 NA20807	foobar	-4.70396	-0.249626	0
 NA20808	foobar	-5.09519	-0.380614	0
 NA20809	foobar	5.94111	-1.60589	0
 NA20810	foobar	-4.70318	-0.324701	0
 NA20811	foobar	-4.95767	-0.518951	0
 NA20812	foobar	-5.36429	-0.413412	0
 NA20813	foobar	-5.33536	-0.457651	0
 NA20814	foobar	-4.96146	-0.495905	0
 NA20815	foobar	-4.98691	-0.229394	0
 NA20816	foobar	-4.51918	-0.640051	0
 NA20818	foobar	5.8531	-1.64674	0
 NA20819	foobar	-5.5466	-0.474791	0
 NA20826	foobar	-5.24173	-0.558452	0
 NA20828	foobar	5.94347	-1.60598	0
